Category,Technique_Used,Strength,Guidance,L1,L2,MS_SSIM,LPIPS,Max_Patch,Label
bottle,DoRA_ControlNet,0.35,5.5,0.023971257731318474,0.0014057278167456388,0.9095128774642944,0.17781108617782593,0.05909162014722824,1
bottle,DoRA_ControlNet,0.35,5.5,0.023871585726737976,0.0014099705731496215,0.9135919809341431,0.16748082637786865,0.08929281681776047,1
bottle,DoRA_ControlNet,0.35,5.5,0.02335720881819725,0.0012586121447384357,0.90031898021698,0.18558025360107422,0.052114129066467285,1
bottle,DoRA_ControlNet,0.35,5.5,0.022758226841688156,0.001157333143055439,0.9131771326065063,0.1981111615896225,0.06426733732223511,1
bottle,DoRA_ControlNet,0.35,5.5,0.023792002350091934,0.0015439901035279036,0.919344425201416,0.14023730158805847,0.06745836138725281,1
bottle,DoRA_ControlNet,0.35,5.5,0.023529058322310448,0.0013788354117423296,0.9219706058502197,0.14413371682167053,0.055121563374996185,1
bottle,DoRA_ControlNet,0.35,5.5,0.024449482560157776,0.0015006205067038536,0.8993930220603943,0.18907344341278076,0.07691024243831635,1
bottle,DoRA_ControlNet,0.35,5.5,0.022949472069740295,0.0012428516056388617,0.9001535177230835,0.18441332876682281,0.057910576462745667,1
bottle,DoRA_ControlNet,0.35,5.5,0.023752745240926743,0.0014520986005663872,0.9121642112731934,0.1692952662706375,0.10843588411808014,1
bottle,DoRA_ControlNet,0.35,5.5,0.02235361747443676,0.0011809945572167635,0.9243161082267761,0.14514607191085815,0.06636907160282135,1
bottle,DoRA_ControlNet,0.35,5.5,0.02257664129137993,0.0011881128884851933,0.9196780920028687,0.16310161352157593,0.0539066456258297,1
bottle,DoRA_ControlNet,0.35,5.5,0.023108115419745445,0.0014247962972149253,0.9153913259506226,0.14788562059402466,0.11452022939920425,1
bottle,DoRA_ControlNet,0.35,5.5,0.022791951894760132,0.00138222542591393,0.9154323935508728,0.1430208683013916,0.08646862953901291,1
bottle,DoRA_ControlNet,0.35,5.5,0.024372514337301254,0.001458343118429184,0.8939570188522339,0.17272745072841644,0.03234831616282463,1
bottle,DoRA_ControlNet,0.35,5.5,0.022755064070224762,0.0013330145739018917,0.9270798563957214,0.14066527783870697,0.10987588763237,1
bottle,DoRA_ControlNet,0.35,5.5,0.023214075714349747,0.0013867507223039865,0.9160445928573608,0.15144871175289154,0.0801958367228508,1
bottle,DoRA_ControlNet,0.35,5.5,0.023787235841155052,0.0014882547548040748,0.9122135639190674,0.16693523526191711,0.06345102190971375,1
bottle,DoRA_ControlNet,0.35,5.5,0.024016182869672775,0.0014947418821975589,0.9080063104629517,0.16634227335453033,0.06461125612258911,1
bottle,DoRA_ControlNet,0.35,5.5,0.024571172893047333,0.0015992086846381426,0.9078325033187866,0.1676047444343567,0.059874892234802246,1
bottle,DoRA_ControlNet,0.35,5.5,0.023967210203409195,0.001422588131390512,0.9115588068962097,0.15842323005199432,0.06735718250274658,1
bottle,DoRA_ControlNet,0.35,5.5,0.02243671379983425,0.001245847437530756,0.92430180311203,0.13037098944187164,0.06662707775831223,1
bottle,DoRA_ControlNet,0.35,5.5,0.02306954190135002,0.0014784799423068762,0.9268710613250732,0.1315642148256302,0.08682253956794739,1
bottle,DoRA_ControlNet,0.35,5.5,0.023987755179405212,0.001708437455818057,0.9176000952720642,0.13936030864715576,0.20935282111167908,1
bottle,DoRA_ControlNet,0.35,5.5,0.023738233372569084,0.0016180448001250625,0.917493999004364,0.14704619348049164,0.07948505878448486,1
bottle,DoRA_ControlNet,0.35,5.5,0.023294325917959213,0.0015419430565088987,0.927679717540741,0.13789114356040955,0.08010374009609222,1
bottle,DoRA_ControlNet,0.35,5.5,0.022699302062392235,0.0012365119764581323,0.925011396408081,0.1391972303390503,0.05451364442706108,1
bottle,DoRA_ControlNet,0.35,5.5,0.022561252117156982,0.0013317991979420185,0.9250115156173706,0.14100590348243713,0.09633483737707138,1
bottle,DoRA_ControlNet,0.35,5.5,0.022194063290953636,0.0012696878984570503,0.9304002523422241,0.12605784833431244,0.09792209416627884,1
bottle,DoRA_ControlNet,0.35,5.5,0.023073524236679077,0.0013122445670887828,0.9067981243133545,0.15221068263053894,0.06514033675193787,1
bottle,DoRA_ControlNet,0.35,5.5,0.022582199424505234,0.00128412083722651,0.9288090467453003,0.13019707798957825,0.07853704690933228,1
bottle,DoRA_ControlNet,0.35,5.5,0.023032885044813156,0.0014177781995385885,0.9299224615097046,0.1355205774307251,0.0691087618470192,1
bottle,DoRA_ControlNet,0.35,5.5,0.02152446284890175,0.0011543537257239223,0.9334803819656372,0.133107990026474,0.05356406047940254,1
bottle,DoRA_ControlNet,0.35,5.5,0.023603348061442375,0.001565808430314064,0.9190682768821716,0.1431104987859726,0.06645211577415466,1
bottle,DoRA_ControlNet,0.35,5.5,0.022708257660269737,0.0012161557096987963,0.9203809499740601,0.1371854841709137,0.07400380074977875,1
bottle,DoRA_ControlNet,0.35,5.5,0.022769659757614136,0.0012782140402123332,0.9194220900535583,0.13823716342449188,0.0837070643901825,1
bottle,DoRA_ControlNet,0.35,5.5,0.02282622829079628,0.0012864049058407545,0.9185118675231934,0.14358928799629211,0.06900887191295624,1
bottle,DoRA_ControlNet,0.35,5.5,0.021855412051081657,0.001123212743550539,0.9269648790359497,0.13752810657024384,0.04565008357167244,1
bottle,DoRA_ControlNet,0.35,5.5,0.023707687854766846,0.0015053488314151764,0.9213191866874695,0.14233417809009552,0.06846652179956436,1
bottle,DoRA_ControlNet,0.35,5.5,0.023880485445261,0.0017248066142201424,0.9228867292404175,0.1401209533214569,0.1740904450416565,1
bottle,DoRA_ControlNet,0.35,5.5,0.02244206890463829,0.0012135904980823398,0.9212194681167603,0.13775159418582916,0.09195724874734879,1
bottle,DoRA_ControlNet,0.35,5.5,0.022478125989437103,0.0013442570343613625,0.9220682978630066,0.14050430059432983,0.10595016926527023,1
bottle,DoRA_ControlNet,0.35,5.5,0.0229787677526474,0.0013275318779051304,0.9270520210266113,0.13600008189678192,0.06628815084695816,1
bottle,DoRA_ControlNet,0.35,5.5,0.02192961797118187,0.0010354550322517753,0.9112043380737305,0.15340927243232727,0.06323210895061493,1
bottle,DoRA_ControlNet,0.35,5.5,0.021362528204917908,0.000964767299592495,0.9179979562759399,0.13910800218582153,0.04626908898353577,1
bottle,DoRA_ControlNet,0.35,5.5,0.022620443254709244,0.0012062283931300044,0.9212200045585632,0.13994696736335754,0.07756543904542923,1
bottle,DoRA_ControlNet,0.35,5.5,0.021981313824653625,0.0011667374055832624,0.9235658645629883,0.1385117769241333,0.04726433753967285,1
bottle,DoRA_ControlNet,0.35,5.5,0.02181227132678032,0.0010499544441699982,0.9319014549255371,0.13316640257835388,0.02998814731836319,1
bottle,DoRA_ControlNet,0.35,5.5,0.026354413479566574,0.0016011360567063093,0.8876950144767761,0.1603187918663025,0.07153508812189102,1
bottle,DoRA_ControlNet,0.35,5.5,0.025470569729804993,0.0014056049985811114,0.8965374827384949,0.15666425228118896,0.03910069912672043,1
bottle,DoRA_ControlNet,0.35,5.5,0.024880196899175644,0.0015763342380523682,0.9059555530548096,0.15896502137184143,0.08294270187616348,1
bottle,DoRA_ControlNet,0.35,5.5,0.02173743210732937,0.0009795075748115778,0.9064188003540039,0.1457819938659668,0.08149366825819016,1
bottle,DoRA_ControlNet,0.35,5.5,0.02192123979330063,0.001059357775375247,0.9178332090377808,0.14438045024871826,0.05902284011244774,1
bottle,DoRA_ControlNet,0.35,5.5,0.024654988199472427,0.0012235991889610887,0.8940901160240173,0.14009055495262146,0.03270538151264191,1
bottle,DoRA_ControlNet,0.35,5.5,0.02331474795937538,0.0011954131769016385,0.914034366607666,0.1516139954328537,0.04964999854564667,1
bottle,DoRA_ControlNet,0.35,5.5,0.02466548979282379,0.0013570981100201607,0.9037975668907166,0.14372789859771729,0.10930889844894409,1
bottle,DoRA_ControlNet,0.35,5.5,0.02295927330851555,0.0011314238654449582,0.9196189641952515,0.14858591556549072,0.053294580429792404,1
bottle,DoRA_ControlNet,0.35,5.5,0.022382333874702454,0.0012086911592632532,0.9212406873703003,0.13653330504894257,0.09846710413694382,1
bottle,DoRA_ControlNet,0.35,5.5,0.022843822836875916,0.001134355436079204,0.9126223921775818,0.14485247433185577,0.037025582045316696,1
bottle,DoRA_ControlNet,0.35,5.5,0.024278273805975914,0.001425192691385746,0.9136404991149902,0.13722285628318787,0.10894305258989334,1
bottle,DoRA_ControlNet,0.35,5.5,0.024558324366807938,0.0014577516121789813,0.9036188125610352,0.1580497920513153,0.07234158366918564,1
bottle,DoRA_ControlNet,0.35,5.5,0.02327124774456024,0.0015383788850158453,0.9298982620239258,0.13408991694450378,0.15779677033424377,1
bottle,DoRA_ControlNet,0.35,5.5,0.022151067852973938,0.0011712949490174651,0.9222843050956726,0.13483160734176636,0.08583681285381317,1
bottle,DoRA_ControlNet,0.35,5.5,0.0240560844540596,0.001262257224880159,0.9060235023498535,0.1513291895389557,0.057356540113687515,1
bottle,DoRA_ControlNet,0.35,5.5,0.022273331880569458,0.0011849147267639637,0.9257950186729431,0.13403259217739105,0.04671662673354149,0
bottle,DoRA_ControlNet,0.35,5.5,0.021475862711668015,0.0010494561865925789,0.933933436870575,0.13622495532035828,0.07789094001054764,0
bottle,DoRA_ControlNet,0.35,5.5,0.02326405793428421,0.0013414972927421331,0.9239897727966309,0.12431330978870392,0.07586368173360825,0
bottle,DoRA_ControlNet,0.35,5.5,0.021611711010336876,0.0010975843761116266,0.935991644859314,0.12298005074262619,0.08539367467164993,0
bottle,DoRA_ControlNet,0.35,5.5,0.021103840321302414,0.0009788648458197713,0.9348843097686768,0.1282619833946228,0.03264187276363373,0
bottle,DoRA_ControlNet,0.35,5.5,0.0217818021774292,0.0011667648795992136,0.9318553805351257,0.12953874468803406,0.05368505045771599,0
bottle,DoRA_ControlNet,0.35,5.5,0.022811254486441612,0.0012393384240567684,0.9213332533836365,0.12995220720767975,0.05622656270861626,0
bottle,DoRA_ControlNet,0.35,5.5,0.02257591113448143,0.001149391639046371,0.9249898791313171,0.12885718047618866,0.04321439564228058,0
bottle,DoRA_ControlNet,0.35,5.5,0.022106101736426353,0.001206659246236086,0.9368628859519958,0.11638597398996353,0.0899687334895134,0
bottle,DoRA_ControlNet,0.35,5.5,0.02233038656413555,0.0011377610499039292,0.9283998012542725,0.13576416671276093,0.05077499523758888,0
bottle,DoRA_ControlNet,0.35,5.5,0.02153460495173931,0.001123989699408412,0.9284055233001709,0.13468843698501587,0.07927585393190384,0
bottle,DoRA_ControlNet,0.35,5.5,0.021895399317145348,0.0011251356918364763,0.9323961138725281,0.12175019085407257,0.05843135342001915,0
bottle,DoRA_ControlNet,0.35,5.5,0.022702690213918686,0.0011936621740460396,0.922184944152832,0.1303391456604004,0.036903265863657,0
bottle,DoRA_ControlNet,0.35,5.5,0.022484973073005676,0.0012246703263372183,0.9247884154319763,0.1313869059085846,0.08394911140203476,0
bottle,DoRA_ControlNet,0.35,5.5,0.022896308451890945,0.0012394896475598216,0.9338755011558533,0.1277591437101364,0.052593525499105453,0
bottle,DoRA_ControlNet,0.35,5.5,0.02194397710263729,0.0011186269111931324,0.9282492399215698,0.13063670694828033,0.07484869658946991,0
bottle,DoRA_ControlNet,0.35,5.5,0.02258506417274475,0.0012135967845097184,0.9331740736961365,0.13255883753299713,0.06890956312417984,0
bottle,DoRA_ControlNet,0.35,5.5,0.02186187170445919,0.001162209315225482,0.9340140223503113,0.1313423216342926,0.08079828321933746,0
bottle,DoRA_ControlNet,0.35,5.5,0.021309353411197662,0.000995048088952899,0.9292277097702026,0.13098891079425812,0.03182147443294525,0
bottle,DoRA_ControlNet,0.35,5.5,0.021664917469024658,0.0011650020023807883,0.9349861145019531,0.1269609034061432,0.07900571078062057,0
bottle,DoRA_ControlNet,0.35,6.0,0.02412567101418972,0.0014323077630251646,0.9078502058982849,0.178767129778862,0.058554213494062424,1
bottle,DoRA_ControlNet,0.35,6.0,0.02407737635076046,0.0014343656366690993,0.9122147560119629,0.1683436632156372,0.08944600820541382,1
bottle,DoRA_ControlNet,0.35,6.0,0.023550521582365036,0.0012854731176048517,0.8988145589828491,0.18614409863948822,0.052499622106552124,1
bottle,DoRA_ControlNet,0.35,6.0,0.02295316755771637,0.0011742772767320275,0.9118424654006958,0.1988869607448578,0.06408696621656418,1
bottle,DoRA_ControlNet,0.35,6.0,0.02399325929582119,0.0015687595587223768,0.9186029434204102,0.14078252017498016,0.06848988682031631,1
bottle,DoRA_ControlNet,0.35,6.0,0.02376347780227661,0.0014041969552636147,0.9205605983734131,0.1455237865447998,0.0558665432035923,1
bottle,DoRA_ControlNet,0.35,6.0,0.02460995875298977,0.0015241652727127075,0.8975772261619568,0.19095145165920258,0.07815743237733841,1
bottle,DoRA_ControlNet,0.35,6.0,0.023204099386930466,0.0012708613649010658,0.898164689540863,0.18512901663780212,0.05757754668593407,1
bottle,DoRA_ControlNet,0.35,6.0,0.02392665110528469,0.0014748325338587165,0.9108632802963257,0.16963009536266327,0.11075657606124878,1
bottle,DoRA_ControlNet,0.35,6.0,0.022485539317131042,0.0011972201755270362,0.9237076044082642,0.1453327238559723,0.0663144439458847,1
bottle,DoRA_ControlNet,0.35,6.0,0.022713080048561096,0.0012059547007083893,0.9185646772384644,0.163288876414299,0.05563948303461075,1
bottle,DoRA_ControlNet,0.35,6.0,0.02329120598733425,0.0014508551685139537,0.9142037630081177,0.14812304079532623,0.11647532135248184,1
bottle,DoRA_ControlNet,0.35,6.0,0.022963350638747215,0.0013977260095998645,0.9143972396850586,0.1438414454460144,0.08661822974681854,1
bottle,DoRA_ControlNet,0.35,6.0,0.02455870620906353,0.001481013372540474,0.8922470808029175,0.17297983169555664,0.03264500945806503,1
bottle,DoRA_ControlNet,0.35,6.0,0.022933032363653183,0.0013543064706027508,0.9261670112609863,0.14121587574481964,0.1105136126279831,1
bottle,DoRA_ControlNet,0.35,6.0,0.023426560685038567,0.0014105881564319134,0.9146811962127686,0.15140120685100555,0.08108755946159363,1
bottle,DoRA_ControlNet,0.35,6.0,0.023943215608596802,0.0015102693578228354,0.910895824432373,0.16705766320228577,0.06425736844539642,1
bottle,DoRA_ControlNet,0.35,6.0,0.024232303723692894,0.0015210387064144015,0.9065081477165222,0.16691792011260986,0.0645533874630928,1
bottle,DoRA_ControlNet,0.35,6.0,0.02475474774837494,0.0016218590317294002,0.9066550135612488,0.16778987646102905,0.060495778918266296,1
bottle,DoRA_ControlNet,0.35,6.0,0.02418776974081993,0.0014434745535254478,0.9101558923721313,0.15880173444747925,0.0687982365489006,1
bottle,DoRA_ControlNet,0.35,6.0,0.022676508873701096,0.0012706946581602097,0.9229227900505066,0.13177049160003662,0.06807201355695724,1
bottle,DoRA_ControlNet,0.35,6.0,0.02320990525186062,0.001500660553574562,0.9257072806358337,0.1318700760602951,0.08820013701915741,1
bottle,DoRA_ControlNet,0.35,6.0,0.024135038256645203,0.001730161253362894,0.9167122840881348,0.13973763585090637,0.21548032760620117,1
bottle,DoRA_ControlNet,0.35,6.0,0.023855414241552353,0.0016310070641338825,0.916888415813446,0.14713947474956512,0.0759182721376419,1
bottle,DoRA_ControlNet,0.35,6.0,0.02348325215280056,0.0015633953735232353,0.9263405799865723,0.1387348771095276,0.08120337128639221,1
bottle,DoRA_ControlNet,0.35,6.0,0.022895008325576782,0.0012600123882293701,0.9237070083618164,0.1403643786907196,0.05501232296228409,1
bottle,DoRA_ControlNet,0.35,6.0,0.022678643465042114,0.001348547637462616,0.9241325855255127,0.14148955047130585,0.09723467379808426,1
bottle,DoRA_ControlNet,0.35,6.0,0.02234138548374176,0.0012883966555818915,0.9294155836105347,0.1265963315963745,0.09820101410150528,1
bottle,DoRA_ControlNet,0.35,6.0,0.02326403185725212,0.0013344943290576339,0.9055981040000916,0.15296585857868195,0.06625992804765701,1
bottle,DoRA_ControlNet,0.35,6.0,0.02280094474554062,0.0013081913348287344,0.9276244640350342,0.13120895624160767,0.07930852472782135,1
bottle,DoRA_ControlNet,0.35,6.0,0.02322433888912201,0.0014454381307587028,0.9285785555839539,0.13627639412879944,0.06968900561332703,1
bottle,DoRA_ControlNet,0.35,6.0,0.021669741719961166,0.0011707060039043427,0.9325292110443115,0.13347972929477692,0.05375051870942116,1
bottle,DoRA_ControlNet,0.35,6.0,0.02377261593937874,0.0015893001109361649,0.9177666902542114,0.143971785902977,0.06740900129079819,1
bottle,DoRA_ControlNet,0.35,6.0,0.02289452776312828,0.0012357481755316257,0.9191904067993164,0.13760307431221008,0.07426519691944122,1
bottle,DoRA_ControlNet,0.35,6.0,0.023029757663607597,0.0013040979392826557,0.9170577526092529,0.1407177746295929,0.08200966566801071,1
bottle,DoRA_ControlNet,0.35,6.0,0.022988945245742798,0.001304348697885871,0.9176753759384155,0.144059956073761,0.06960694491863251,1
bottle,DoRA_ControlNet,0.35,6.0,0.02209809049963951,0.0011518525425344706,0.925503134727478,0.13853570818901062,0.04713545739650726,1
bottle,DoRA_ControlNet,0.35,6.0,0.02392154559493065,0.0015341014368459582,0.919745683670044,0.14320099353790283,0.0690993219614029,1
bottle,DoRA_ControlNet,0.35,6.0,0.024106383323669434,0.0017579466802999377,0.9218674898147583,0.14006608724594116,0.18028125166893005,1
bottle,DoRA_ControlNet,0.35,6.0,0.022659212350845337,0.0012377244420349598,0.9198221564292908,0.13842512667179108,0.09073524177074432,1
bottle,DoRA_ControlNet,0.35,6.0,0.022663142532110214,0.001365726813673973,0.9209455847740173,0.1403360813856125,0.10663481801748276,1
bottle,DoRA_ControlNet,0.35,6.0,0.023148110136389732,0.0013467336539179087,0.9261369705200195,0.13699959218502045,0.06767726689577103,1
bottle,DoRA_ControlNet,0.35,6.0,0.022112172096967697,0.0010538514470681548,0.9100183248519897,0.15443001687526703,0.06383314728736877,1
bottle,DoRA_ControlNet,0.35,6.0,0.021496053785085678,0.0009799886029213667,0.9169788360595703,0.1404602825641632,0.04645833373069763,1
bottle,DoRA_ControlNet,0.35,6.0,0.022854965180158615,0.0012294872431084514,0.920142650604248,0.14048445224761963,0.07825683057308197,1
bottle,DoRA_ControlNet,0.35,6.0,0.022184474393725395,0.0011896002106368542,0.9219054579734802,0.138978973031044,0.0490885004401207,1
bottle,DoRA_ControlNet,0.35,6.0,0.021992187947034836,0.0010718005942180753,0.9304501414299011,0.13409261405467987,0.030221054330468178,1
bottle,DoRA_ControlNet,0.35,6.0,0.026541685685515404,0.0016272186767309904,0.8857690095901489,0.16169297695159912,0.07399959862232208,1
bottle,DoRA_ControlNet,0.35,6.0,0.025526966899633408,0.0014172883238643408,0.8963007926940918,0.15697956085205078,0.03990952670574188,1
bottle,DoRA_ControlNet,0.35,6.0,0.025036431849002838,0.001598808914422989,0.9052077531814575,0.15975698828697205,0.08371385186910629,1
bottle,DoRA_ControlNet,0.35,6.0,0.021934326738119125,0.0010000246111303568,0.905044674873352,0.14711183309555054,0.08198858797550201,1
bottle,DoRA_ControlNet,0.35,6.0,0.022177383303642273,0.0010891336714848876,0.9162105321884155,0.14523261785507202,0.05986298248171806,1
bottle,DoRA_ControlNet,0.35,6.0,0.024923717603087425,0.001253246795386076,0.89192795753479,0.14113974571228027,0.03241247311234474,1
bottle,DoRA_ControlNet,0.35,6.0,0.023519281297922134,0.001218999968841672,0.9128659963607788,0.15258629620075226,0.05004621297121048,1
bottle,DoRA_ControlNet,0.35,6.0,0.024854183197021484,0.0013821141328662634,0.9023540019989014,0.14444224536418915,0.11239483207464218,1
bottle,DoRA_ControlNet,0.35,6.0,0.02322416566312313,0.0011591784423217177,0.9179642200469971,0.14852197468280792,0.053920574486255646,1
bottle,DoRA_ControlNet,0.35,6.0,0.02257668599486351,0.0012306364951655269,0.9200660586357117,0.13760170340538025,0.09857019782066345,1
bottle,DoRA_ControlNet,0.35,6.0,0.02303238958120346,0.0011545715387910604,0.9111381769180298,0.14494556188583374,0.037357307970523834,1
bottle,DoRA_ControlNet,0.35,6.0,0.024442380294203758,0.0014516457449644804,0.9124608039855957,0.13738279044628143,0.11256786435842514,1
bottle,DoRA_ControlNet,0.35,6.0,0.024856895208358765,0.0014961151173338294,0.9015223383903503,0.15959559381008148,0.0723993256688118,1
bottle,DoRA_ControlNet,0.35,6.0,0.023480674251914024,0.0015639079501852393,0.9289917945861816,0.13426440954208374,0.16289286315441132,1
bottle,DoRA_ControlNet,0.35,6.0,0.022367484867572784,0.001197971636429429,0.9206849932670593,0.1355377733707428,0.08722005784511566,1
bottle,DoRA_ControlNet,0.35,6.0,0.02423207461833954,0.0012826834572479129,0.9049372673034668,0.15211907029151917,0.0584472194314003,1
bottle,DoRA_ControlNet,0.35,6.0,0.022516507655382156,0.0012133157579228282,0.9240541458129883,0.13502918183803558,0.04738254100084305,0
bottle,DoRA_ControlNet,0.35,6.0,0.02163483016192913,0.001067215809598565,0.9336090087890625,0.13456852734088898,0.07904515415430069,0
bottle,DoRA_ControlNet,0.35,6.0,0.02342284843325615,0.0013613514602184296,0.9228877425193787,0.12512007355690002,0.07864324748516083,0
bottle,DoRA_ControlNet,0.35,6.0,0.02177715301513672,0.001118845771998167,0.9347351789474487,0.12343530356884003,0.08655452728271484,0
bottle,DoRA_ControlNet,0.35,6.0,0.021290874108672142,0.0009971603285521269,0.9339097738265991,0.1293577253818512,0.032223474234342575,0
bottle,DoRA_ControlNet,0.35,6.0,0.02202301286160946,0.001193673349916935,0.9304239749908447,0.1304032951593399,0.05420048534870148,0
bottle,DoRA_ControlNet,0.35,6.0,0.022990098223090172,0.0012570093385875225,0.9204611778259277,0.13008032739162445,0.05730391666293144,0
bottle,DoRA_ControlNet,0.35,6.0,0.022698646411299706,0.0011642698664218187,0.9240932464599609,0.1288941353559494,0.044157475233078,0
bottle,DoRA_ControlNet,0.35,6.0,0.022305920720100403,0.001228570705279708,0.9357664585113525,0.11682339012622833,0.09092644602060318,0
bottle,DoRA_ControlNet,0.35,6.0,0.02254459820687771,0.0011616791598498821,0.9266853332519531,0.13707312941551208,0.05155498906970024,0
bottle,DoRA_ControlNet,0.35,6.0,0.021698426455259323,0.0011433027684688568,0.9270557165145874,0.1353507786989212,0.08018717914819717,0
bottle,DoRA_ControlNet,0.35,6.0,0.02204766869544983,0.0011417628265917301,0.9315264225006104,0.12231729924678802,0.05924972519278526,0
bottle,DoRA_ControlNet,0.35,6.0,0.022856874391436577,0.0012102051405236125,0.921008288860321,0.1305743157863617,0.03736986592411995,0
bottle,DoRA_ControlNet,0.35,6.0,0.02266249805688858,0.0012484922772273421,0.9233152866363525,0.1319335550069809,0.08822684735059738,0
bottle,DoRA_ControlNet,0.35,6.0,0.02311103418469429,0.001262247678823769,0.9322786331176758,0.12982489168643951,0.05396439880132675,0
bottle,DoRA_ControlNet,0.35,6.0,0.022081200033426285,0.0011364261154085398,0.9271745681762695,0.13090886175632477,0.07571206241846085,0
bottle,DoRA_ControlNet,0.35,6.0,0.022770896553993225,0.0012390537885949016,0.9320212602615356,0.1332910805940628,0.06953758746385574,0
bottle,DoRA_ControlNet,0.35,6.0,0.022066302597522736,0.0011828918941318989,0.9323448538780212,0.13453339040279388,0.08237409591674805,0
bottle,DoRA_ControlNet,0.35,6.0,0.021490059792995453,0.001014083158224821,0.9281615018844604,0.1313721090555191,0.031627848744392395,0
bottle,DoRA_ControlNet,0.35,6.0,0.021811192855238914,0.0011841398663818836,0.93400639295578,0.1276671439409256,0.07914184778928757,0
bottle,DoRA_ControlNet,0.35,6.5,0.02436704933643341,0.0014649925287812948,0.9058734774589539,0.17983362078666687,0.05838487669825554,1
bottle,DoRA_ControlNet,0.35,6.5,0.024308543652296066,0.0014607906341552734,0.9106134176254272,0.16971197724342346,0.0894351527094841,1
bottle,DoRA_ControlNet,0.35,6.5,0.023706553503870964,0.0013010092079639435,0.8980020880699158,0.1870303452014923,0.052892014384269714,1
bottle,DoRA_ControlNet,0.35,6.5,0.023191016167402267,0.0011945842998102307,0.9104746580123901,0.19990137219429016,0.06395774334669113,1
bottle,DoRA_ControlNet,0.35,6.5,0.024228405207395554,0.001596665708348155,0.9175904989242554,0.14147812128067017,0.06975538283586502,1
bottle,DoRA_ControlNet,0.35,6.5,0.02395028993487358,0.001426028786227107,0.9194046258926392,0.14665772020816803,0.05628807097673416,1
bottle,DoRA_ControlNet,0.35,6.5,0.02482069656252861,0.0015522718895226717,0.8953877687454224,0.19279634952545166,0.07851092517375946,1
bottle,DoRA_ControlNet,0.35,6.5,0.02335226535797119,0.0012933386024087667,0.8965570330619812,0.18545499444007874,0.0569254606962204,1
bottle,DoRA_ControlNet,0.35,6.5,0.02411339432001114,0.0014972033677622676,0.9097403883934021,0.16965486109256744,0.11241745948791504,1
bottle,DoRA_ControlNet,0.35,6.5,0.02270805649459362,0.0012177659664303064,0.9227614402770996,0.1464511752128601,0.06693007051944733,1
bottle,DoRA_ControlNet,0.35,6.5,0.022868137806653976,0.0012270710431039333,0.9171302318572998,0.16357748210430145,0.05711864307522774,1
bottle,DoRA_ControlNet,0.35,6.5,0.023537874221801758,0.0014791110297665,0.9128238558769226,0.14850983023643494,0.1187458336353302,1
bottle,DoRA_ControlNet,0.35,6.5,0.02313562110066414,0.0014137494144961238,0.9132165312767029,0.14442619681358337,0.08660445362329483,1
bottle,DoRA_ControlNet,0.35,6.5,0.02476677857339382,0.001505201100371778,0.8903722763061523,0.17338666319847107,0.032845593988895416,1
bottle,DoRA_ControlNet,0.35,6.5,0.023111291229724884,0.0013761132722720504,0.9252335429191589,0.1416017711162567,0.11169896274805069,1
bottle,DoRA_ControlNet,0.35,6.5,0.02363189123570919,0.0014350742567330599,0.9131835699081421,0.15189456939697266,0.08226896077394485,1
bottle,DoRA_ControlNet,0.35,6.5,0.02417905256152153,0.0015383022837340832,0.9094480276107788,0.1682545691728592,0.06521337479352951,1
bottle,DoRA_ControlNet,0.35,6.5,0.024458881467580795,0.0015482334420084953,0.9049569964408875,0.16746000945568085,0.06443335860967636,1
bottle,DoRA_ControlNet,0.35,6.5,0.02493669092655182,0.001648172503337264,0.9054943919181824,0.16827619075775146,0.06116403266787529,1
bottle,DoRA_ControlNet,0.35,6.5,0.024318194016814232,0.0014609936624765396,0.9088715314865112,0.15999910235404968,0.07016609609127045,1
bottle,DoRA_ControlNet,0.35,6.5,0.02280782163143158,0.0012878940906375647,0.9220865964889526,0.1319718062877655,0.06979238241910934,1
bottle,DoRA_ControlNet,0.35,6.5,0.023355241864919662,0.001522787264548242,0.9245194792747498,0.1325151026248932,0.08948317915201187,1
bottle,DoRA_ControlNet,0.35,6.5,0.024321887642145157,0.0017544219736009836,0.9155822992324829,0.14061519503593445,0.22068987786769867,1
bottle,DoRA_ControlNet,0.35,6.5,0.02398262917995453,0.001643817755393684,0.9161384105682373,0.14731045067310333,0.07445675134658813,1
bottle,DoRA_ControlNet,0.35,6.5,0.023679617792367935,0.0015863003209233284,0.9248236417770386,0.14039403200149536,0.08253082633018494,1
bottle,DoRA_ControlNet,0.35,6.5,0.02309339866042137,0.0012853575171902776,0.9224209785461426,0.14118601381778717,0.05547230318188667,1
bottle,DoRA_ControlNet,0.35,6.5,0.022827591747045517,0.0013672778150066733,0.9231327772140503,0.1417584866285324,0.09913328289985657,1
bottle,DoRA_ControlNet,0.35,6.5,0.022540835663676262,0.0013105053221806884,0.9282975196838379,0.12686818838119507,0.09819139540195465,1
bottle,DoRA_ControlNet,0.35,6.5,0.023409169167280197,0.0013550090370699763,0.9045103788375854,0.15333515405654907,0.06770369410514832,1
bottle,DoRA_ControlNet,0.35,6.5,0.02300283871591091,0.0013305143220350146,0.92644202709198,0.13242900371551514,0.0803619846701622,1
bottle,DoRA_ControlNet,0.35,6.5,0.023509904742240906,0.001474558375775814,0.9270920753479004,0.13703255355358124,0.07026205211877823,1
bottle,DoRA_ControlNet,0.35,6.5,0.02183980867266655,0.0011908196611329913,0.931404709815979,0.13372574746608734,0.05401047319173813,1
bottle,DoRA_ControlNet,0.35,6.5,0.023945672437548637,0.0016114999307319522,0.9165517687797546,0.14440296590328217,0.06827991455793381,1
bottle,DoRA_ControlNet,0.35,6.5,0.0231414046138525,0.0012588347308337688,0.9176657199859619,0.13848885893821716,0.07462827861309052,1
bottle,DoRA_ControlNet,0.35,6.5,0.023486068472266197,0.0013445043005049229,0.9114294052124023,0.14326393604278564,0.08145827054977417,1
bottle,DoRA_ControlNet,0.35,6.5,0.023119747638702393,0.0013232552446424961,0.9165882468223572,0.14469513297080994,0.0703209638595581,1
bottle,DoRA_ControlNet,0.35,6.5,0.02233642339706421,0.0011820055078715086,0.9240139722824097,0.14000296592712402,0.04828881099820137,1
bottle,DoRA_ControlNet,0.35,6.5,0.024147329851984978,0.0015641427598893642,0.9180981516838074,0.14418405294418335,0.06982909142971039,1
bottle,DoRA_ControlNet,0.35,6.5,0.024300409480929375,0.0017889186274260283,0.920874297618866,0.1404806673526764,0.18431782722473145,1
bottle,DoRA_ControlNet,0.35,6.5,0.022870078682899475,0.0012634211452677846,0.9184107780456543,0.13853968679904938,0.09029640257358551,1
bottle,DoRA_ControlNet,0.35,6.5,0.022863510996103287,0.001387396245263517,0.9198943972587585,0.14115218818187714,0.10706765204668045,1
bottle,DoRA_ControlNet,0.35,6.5,0.023270821198821068,0.0013638082891702652,0.9253621101379395,0.13694807887077332,0.06894703209400177,1
bottle,DoRA_ControlNet,0.35,6.5,0.02230416238307953,0.0010757604613900185,0.908483624458313,0.15596072375774384,0.06484135240316391,1
bottle,DoRA_ControlNet,0.35,6.5,0.021693561226129532,0.0009983076015487313,0.9159240126609802,0.14226096868515015,0.04686473682522774,1
bottle,DoRA_ControlNet,0.35,6.5,0.023071035742759705,0.0012545986101031303,0.9188820719718933,0.1411469429731369,0.0787624642252922,1
bottle,DoRA_ControlNet,0.35,6.5,0.022412747144699097,0.001213819719851017,0.920085072517395,0.14011771976947784,0.050676848739385605,1
bottle,DoRA_ControlNet,0.35,6.5,0.02221892774105072,0.0010949417483061552,0.929155707359314,0.1347629725933075,0.030034402385354042,1
bottle,DoRA_ControlNet,0.35,6.5,0.026746105402708054,0.0016566375270485878,0.8836910724639893,0.16315549612045288,0.07683611661195755,1
bottle,DoRA_ControlNet,0.35,6.5,0.02563224732875824,0.0014319103211164474,0.8957114219665527,0.15768392384052277,0.04064914584159851,1
bottle,DoRA_ControlNet,0.35,6.5,0.025212785229086876,0.0016215679934248328,0.9044013023376465,0.16059356927871704,0.0843643918633461,1
bottle,DoRA_ControlNet,0.35,6.5,0.022140633314847946,0.001020318130031228,0.9036790132522583,0.14777757227420807,0.08245775103569031,1
bottle,DoRA_ControlNet,0.35,6.5,0.02246985398232937,0.0011192443780601025,0.9146511554718018,0.14664305746555328,0.06076554208993912,1
bottle,DoRA_ControlNet,0.35,6.5,0.02516723796725273,0.0012858659029006958,0.8894287347793579,0.14270086586475372,0.03232145309448242,1
bottle,DoRA_ControlNet,0.35,6.5,0.02369530126452446,0.001238744123838842,0.9119961261749268,0.1529272198677063,0.05049961805343628,1
bottle,DoRA_ControlNet,0.35,6.5,0.02512914314866066,0.0014116852544248104,0.9005191326141357,0.1457688808441162,0.11402210593223572,1
bottle,DoRA_ControlNet,0.35,6.5,0.023435695096850395,0.0011858732905238867,0.9162284135818481,0.14978313446044922,0.05461602285504341,1
bottle,DoRA_ControlNet,0.35,6.5,0.022770576179027557,0.0012540402822196484,0.9188365936279297,0.1387994885444641,0.10016671568155289,1
bottle,DoRA_ControlNet,0.35,6.5,0.02321287989616394,0.0011753703001886606,0.9095972776412964,0.14518454670906067,0.037705667316913605,1
bottle,DoRA_ControlNet,0.35,6.5,0.024565672501921654,0.001474976073950529,0.9115502834320068,0.13740165531635284,0.1156759187579155,1
bottle,DoRA_ControlNet,0.35,6.5,0.02513749524950981,0.001534275128506124,0.8995035886764526,0.1614166796207428,0.07252132147550583,1
bottle,DoRA_ControlNet,0.35,6.5,0.023688994348049164,0.001592563814483583,0.9279153347015381,0.13471488654613495,0.16729559004306793,1
bottle,DoRA_ControlNet,0.35,6.5,0.022580569609999657,0.00122477812692523,0.9190908670425415,0.13652321696281433,0.08893073350191116,1
bottle,DoRA_ControlNet,0.35,6.5,0.024432023987174034,0.001304335193708539,0.9036692976951599,0.15270283818244934,0.059639014303684235,1
bottle,DoRA_ControlNet,0.35,6.5,0.022797126322984695,0.0012446410255506635,0.9221811294555664,0.13554389774799347,0.04792056232690811,0
bottle,DoRA_ControlNet,0.35,6.5,0.021885298192501068,0.0010915636084973812,0.9323287010192871,0.1347799152135849,0.07984086871147156,0
bottle,DoRA_ControlNet,0.35,6.5,0.023587096482515335,0.0013821963220834732,0.9217416048049927,0.1262994259595871,0.08059004694223404,0
bottle,DoRA_ControlNet,0.35,6.5,0.02204800210893154,0.0011444748379290104,0.9329316020011902,0.12416312843561172,0.0879780501127243,0
bottle,DoRA_ControlNet,0.35,6.5,0.021477557718753815,0.0010154936462640762,0.9327757358551025,0.12980099022388458,0.03155408054590225,0
bottle,DoRA_ControlNet,0.35,6.5,0.02231343649327755,0.0012246477417647839,0.9288109540939331,0.1312851458787918,0.05478427931666374,0
bottle,DoRA_ControlNet,0.35,6.5,0.023215267807245255,0.0012788486201316118,0.9193105697631836,0.13082081079483032,0.058367203921079636,0
bottle,DoRA_ControlNet,0.35,6.5,0.02287570759654045,0.0011824434623122215,0.9229754209518433,0.1298397034406662,0.04501863569021225,0
bottle,DoRA_ControlNet,0.35,6.5,0.02249976620078087,0.0012490189401432872,0.9346992373466492,0.11683809012174606,0.09189685434103012,0
bottle,DoRA_ControlNet,0.35,6.5,0.02280660718679428,0.0011864369735121727,0.9247826337814331,0.13885317742824554,0.05232102796435356,0
bottle,DoRA_ControlNet,0.35,6.5,0.021910598501563072,0.0011677725706249475,0.9255272150039673,0.1368248611688614,0.08111132681369781,0
bottle,DoRA_ControlNet,0.35,6.5,0.02225780487060547,0.0011640916345641017,0.9302467107772827,0.1232016384601593,0.059780050069093704,0
bottle,DoRA_ControlNet,0.35,6.5,0.023060280829668045,0.0012319020461291075,0.9193669557571411,0.13108974695205688,0.03796380013227463,0
bottle,DoRA_ControlNet,0.35,6.5,0.022848471999168396,0.001271652290597558,0.921989917755127,0.13244076073169708,0.0916716530919075,0
bottle,DoRA_ControlNet,0.35,6.5,0.02334251068532467,0.0012863049050793052,0.9307249784469604,0.1316739320755005,0.05478738993406296,0
bottle,DoRA_ControlNet,0.35,6.5,0.022264719009399414,0.0011597501579672098,0.9257623553276062,0.13166891038417816,0.07587951421737671,0
bottle,DoRA_ControlNet,0.35,6.5,0.023037714883685112,0.00126832805108279,0.9307265281677246,0.13371728360652924,0.07010024040937424,0
bottle,DoRA_ControlNet,0.35,6.5,0.022282471880316734,0.0012037856504321098,0.9310480952262878,0.1367829144001007,0.0852082371711731,0
bottle,DoRA_ControlNet,0.35,6.5,0.021723594516515732,0.0010368851944804192,0.9268859624862671,0.13229550421237946,0.031771473586559296,0
bottle,DoRA_ControlNet,0.35,6.5,0.022028205916285515,0.001205787411890924,0.9327988624572754,0.12887905538082123,0.07906460016965866,0
bottle,DoRA_ControlNet,0.35,7.0,0.024553969502449036,0.0014925807481631637,0.9042587280273438,0.18050459027290344,0.05820723623037338,1
bottle,DoRA_ControlNet,0.35,7.0,0.024510202929377556,0.0014870264567434788,0.9089560508728027,0.1707252413034439,0.08987710624933243,1
bottle,DoRA_ControlNet,0.35,7.0,0.023966124281287193,0.0013311789371073246,0.8962437510490417,0.18756899237632751,0.052878573536872864,1
bottle,DoRA_ControlNet,0.35,7.0,0.023420050740242004,0.0012188589898869395,0.9080760478973389,0.20161640644073486,0.06342319399118423,1
bottle,DoRA_ControlNet,0.35,7.0,0.024431895464658737,0.0016215601935982704,0.9169114828109741,0.14202503859996796,0.07106155157089233,1
bottle,DoRA_ControlNet,0.35,7.0,0.024187594652175903,0.0014541186392307281,0.9178012609481812,0.14804095029830933,0.05701800063252449,1
bottle,DoRA_ControlNet,0.35,7.0,0.025097187608480453,0.0015838242834433913,0.8924791812896729,0.1949014812707901,0.07925289124250412,1
bottle,DoRA_ControlNet,0.35,7.0,0.023594625294208527,0.001322773052379489,0.8944969177246094,0.18634411692619324,0.056364912539720535,1
bottle,DoRA_ControlNet,0.35,7.0,0.024271469563245773,0.0015204716473817825,0.9083579778671265,0.16984927654266357,0.11408424377441406,1
bottle,DoRA_ControlNet,0.35,7.0,0.022848006337881088,0.0012339369859546423,0.9220563769340515,0.14630097150802612,0.06708186119794846,1
bottle,DoRA_ControlNet,0.35,7.0,0.023081105202436447,0.0012509715743362904,0.9155027270317078,0.1643490493297577,0.05871942639350891,1
bottle,DoRA_ControlNet,0.35,7.0,0.02379002794623375,0.0015134250279515982,0.9112862348556519,0.1493859887123108,0.12085478007793427,1
bottle,DoRA_ControlNet,0.35,7.0,0.023378681391477585,0.0014348843833431602,0.9118980169296265,0.14479592442512512,0.08686677366495132,1
bottle,DoRA_ControlNet,0.35,7.0,0.025001278147101402,0.0015362714184448123,0.8881716132164001,0.17421527206897736,0.033548999577760696,1
bottle,DoRA_ControlNet,0.35,7.0,0.023252688348293304,0.0013966336846351624,0.9244277477264404,0.14235106110572815,0.11232634633779526,1
bottle,DoRA_ControlNet,0.35,7.0,0.02383394166827202,0.0014615285908803344,0.9116700887680054,0.15311819314956665,0.08309639245271683,1
bottle,DoRA_ControlNet,0.35,7.0,0.024372536689043045,0.001562090590596199,0.9081622958183289,0.16853515803813934,0.06591852009296417,1
bottle,DoRA_ControlNet,0.35,7.0,0.024696078151464462,0.0015791000332683325,0.9031676650047302,0.16862565279006958,0.06455359607934952,1
bottle,DoRA_ControlNet,0.35,7.0,0.02515389584004879,0.0016752246301621199,0.9041376113891602,0.16904371976852417,0.0616842657327652,1
bottle,DoRA_ControlNet,0.35,7.0,0.02451523020863533,0.0014844918623566628,0.9073140025138855,0.16134417057037354,0.07173775136470795,1
bottle,DoRA_ControlNet,0.35,7.0,0.023043092340230942,0.0013129039434716105,0.92071533203125,0.13321825861930847,0.07107461243867874,1
bottle,DoRA_ControlNet,0.35,7.0,0.023595597594976425,0.0015491803642362356,0.9232887029647827,0.13286960124969482,0.09059259295463562,1
bottle,DoRA_ControlNet,0.35,7.0,0.02452860400080681,0.001781754195690155,0.9143597483634949,0.14149726927280426,0.22600749135017395,1
bottle,DoRA_ControlNet,0.35,7.0,0.024107150733470917,0.0016583064571022987,0.9152781367301941,0.14806842803955078,0.07324013859033585,1
bottle,DoRA_ControlNet,0.35,7.0,0.02384350821375847,0.001607116311788559,0.9235278964042664,0.14211469888687134,0.08363484591245651,1
bottle,DoRA_ControlNet,0.35,7.0,0.023289594799280167,0.0013088819105178118,0.9209846258163452,0.14218096435070038,0.05590223893523216,1
bottle,DoRA_ControlNet,0.35,7.0,0.022994618862867355,0.0013847332447767258,0.9222830533981323,0.1417529582977295,0.10122942924499512,1
bottle,DoRA_ControlNet,0.35,7.0,0.0227266363799572,0.0013309528585523367,0.9272428750991821,0.1275775134563446,0.09806789457798004,1
bottle,DoRA_ControlNet,0.35,7.0,0.023603251203894615,0.0013800691813230515,0.9031243324279785,0.15462547540664673,0.0691857635974884,1
bottle,DoRA_ControlNet,0.35,7.0,0.02327064983546734,0.0013561066007241607,0.925193727016449,0.13370315730571747,0.08092231303453445,1
bottle,DoRA_ControlNet,0.35,7.0,0.023726990446448326,0.0015029625501483679,0.9257251024246216,0.1375352442264557,0.07082017511129379,1
bottle,DoRA_ControlNet,0.35,7.0,0.022011037915945053,0.00121087278239429,0.9302595853805542,0.13431543111801147,0.0540572851896286,1
bottle,DoRA_ControlNet,0.35,7.0,0.024102039635181427,0.0016349090728908777,0.9152430891990662,0.14503510296344757,0.06931959837675095,1
bottle,DoRA_ControlNet,0.35,7.0,0.023360799998044968,0.00128245260566473,0.9161332845687866,0.13959194719791412,0.07488338649272919,1
bottle,DoRA_ControlNet,0.35,7.0,0.023903196677565575,0.001391465193592012,0.9036023616790771,0.14692473411560059,0.0825003832578659,1
bottle,DoRA_ControlNet,0.35,7.0,0.02332857996225357,0.0013444809010252357,0.9155758619308472,0.14509481191635132,0.07090028375387192,1
bottle,DoRA_ControlNet,0.35,7.0,0.022624999284744263,0.00121684733312577,0.9224554896354675,0.14181676506996155,0.04937645420432091,1
bottle,DoRA_ControlNet,0.35,7.0,0.024386044591665268,0.0015923911705613136,0.9166361093521118,0.14464670419692993,0.07008784264326096,1
bottle,DoRA_ControlNet,0.35,7.0,0.024513348937034607,0.001823320984840393,0.9196100234985352,0.14115333557128906,0.18994905054569244,1
bottle,DoRA_ControlNet,0.35,7.0,0.02308095246553421,0.0012881577713415027,0.91700279712677,0.13875073194503784,0.0892643928527832,1
bottle,DoRA_ControlNet,0.35,7.0,0.02301749587059021,0.001409517484717071,0.9188296794891357,0.14113318920135498,0.10782632231712341,1
bottle,DoRA_ControlNet,0.35,7.0,0.023436378687620163,0.001384601229801774,0.9244226813316345,0.13848865032196045,0.07010188698768616,1
bottle,DoRA_ControlNet,0.35,7.0,0.02237284742295742,0.0010905899107456207,0.907375693321228,0.1570405215024948,0.0657377615571022,1
bottle,DoRA_ControlNet,0.35,7.0,0.021869100630283356,0.0010156432399526238,0.9148175716400146,0.14309008419513702,0.046878065913915634,1
bottle,DoRA_ControlNet,0.35,7.0,0.02334602177143097,0.0012842806754633784,0.9174007773399353,0.14204157888889313,0.07910247892141342,1
bottle,DoRA_ControlNet,0.35,7.0,0.02265704981982708,0.0012370734475553036,0.9184574484825134,0.1406480222940445,0.05206713825464249,1
bottle,DoRA_ControlNet,0.35,7.0,0.022457726299762726,0.0011186548508703709,0.9276320934295654,0.13583751022815704,0.029925556853413582,1
bottle,DoRA_ControlNet,0.35,7.0,0.026943989098072052,0.0016860862961038947,0.8816555738449097,0.16488368809223175,0.07987316697835922,1
bottle,DoRA_ControlNet,0.35,7.0,0.025728052482008934,0.001446068286895752,0.8953297138214111,0.15796662867069244,0.04151228815317154,1
bottle,DoRA_ControlNet,0.35,7.0,0.025400016456842422,0.001648657489567995,0.9034407138824463,0.16132281720638275,0.08521862328052521,1
bottle,DoRA_ControlNet,0.35,7.0,0.022354602813720703,0.0010442666243761778,0.901949405670166,0.14922279119491577,0.08294675499200821,1
bottle,DoRA_ControlNet,0.35,7.0,0.02265094593167305,0.0011414943728595972,0.9132317900657654,0.14726082980632782,0.06234482675790787,1
bottle,DoRA_ControlNet,0.35,7.0,0.0254774522036314,0.0013208090094849467,0.8869657516479492,0.14408552646636963,0.032412465661764145,1
bottle,DoRA_ControlNet,0.35,7.0,0.023941654711961746,0.0012661207001656294,0.910614013671875,0.1534772664308548,0.050751328468322754,1
bottle,DoRA_ControlNet,0.35,7.0,0.025360431522130966,0.0014380633365362883,0.8990468382835388,0.14676415920257568,0.11606031656265259,1
bottle,DoRA_ControlNet,0.35,7.0,0.023775089532136917,0.0012208265252411366,0.9137039184570312,0.15130241215229034,0.055427294224500656,1
bottle,DoRA_ControlNet,0.35,7.0,0.023022277280688286,0.0012805948499590158,0.9174382090568542,0.13935045897960663,0.10107633471488953,1
bottle,DoRA_ControlNet,0.35,7.0,0.023421578109264374,0.0012010325444862247,0.9076986312866211,0.1464281678199768,0.03803757205605507,1
bottle,DoRA_ControlNet,0.35,7.0,0.024765431880950928,0.0015027121407911181,0.9104339480400085,0.13741090893745422,0.11924619972705841,1
bottle,DoRA_ControlNet,0.35,7.0,0.02546517178416252,0.0015704416437074542,0.8975948095321655,0.16217800974845886,0.0725921094417572,1
bottle,DoRA_ControlNet,0.35,7.0,0.023921798914670944,0.001624015043489635,0.9267200231552124,0.1353388875722885,0.17286363244056702,1
bottle,DoRA_ControlNet,0.35,7.0,0.022804375737905502,0.0012547137448564172,0.9172815680503845,0.13791698217391968,0.09041018784046173,1
bottle,DoRA_ControlNet,0.35,7.0,0.024650199338793755,0.001325939199887216,0.9024858474731445,0.15268778800964355,0.061017461121082306,1
bottle,DoRA_ControlNet,0.35,7.0,0.023019500076770782,0.0012754376512020826,0.9203814268112183,0.1364123523235321,0.048394422978162766,0
bottle,DoRA_ControlNet,0.35,7.0,0.022097725421190262,0.0011110929772257805,0.9311075210571289,0.1356566846370697,0.08073501288890839,0
bottle,DoRA_ControlNet,0.35,7.0,0.023755421862006187,0.0014039292000234127,0.9203943014144897,0.12740638852119446,0.08246290683746338,0
bottle,DoRA_ControlNet,0.35,7.0,0.02229343354701996,0.0011689745588228106,0.931083083152771,0.12475482374429703,0.0895080640912056,0
bottle,DoRA_ControlNet,0.35,7.0,0.021691810339689255,0.0010376896243542433,0.9315555095672607,0.1305631399154663,0.03153425082564354,0
bottle,DoRA_ControlNet,0.35,7.0,0.022588178515434265,0.0012540831230580807,0.9273192286491394,0.13226717710494995,0.0560891218483448,0
bottle,DoRA_ControlNet,0.35,7.0,0.023416629061102867,0.0013016762677580118,0.9179348945617676,0.13133062422275543,0.05932074785232544,0
bottle,DoRA_ControlNet,0.35,7.0,0.023080818355083466,0.0012005585012957454,0.9218459129333496,0.130710631608963,0.045973554253578186,0
bottle,DoRA_ControlNet,0.35,7.0,0.02273193746805191,0.001275453483685851,0.9333904981613159,0.11741545796394348,0.09368165582418442,0
bottle,DoRA_ControlNet,0.35,7.0,0.023022472858428955,0.0012117952574044466,0.9228546619415283,0.14088492095470428,0.05307134613394737,0
bottle,DoRA_ControlNet,0.35,7.0,0.022149324417114258,0.0011930798646062613,0.9239373207092285,0.1383596807718277,0.08214055001735687,0
bottle,DoRA_ControlNet,0.35,7.0,0.022445080801844597,0.0011837565107271075,0.9292705059051514,0.12351064383983612,0.06036008521914482,0
bottle,DoRA_ControlNet,0.35,7.0,0.02323436364531517,0.0012520288582891226,0.9179404973983765,0.13103358447551727,0.03851107880473137,0
bottle,DoRA_ControlNet,0.35,7.0,0.02307266555726528,0.001298797084018588,0.9204298853874207,0.13366295397281647,0.09598258882761002,0
bottle,DoRA_ControlNet,0.35,7.0,0.023604605346918106,0.001314263790845871,0.9288848638534546,0.13375535607337952,0.05638623982667923,0
bottle,DoRA_ControlNet,0.35,7.0,0.022421225905418396,0.0011794957099482417,0.924636960029602,0.13223706185817719,0.07639215141534805,0
bottle,DoRA_ControlNet,0.35,7.0,0.02325618267059326,0.001297912560403347,0.9293662905693054,0.13468052446842194,0.07036510109901428,0
bottle,DoRA_ControlNet,0.35,7.0,0.022433247417211533,0.0012230582069605589,0.9304758310317993,0.13456562161445618,0.0852278620004654,0
bottle,DoRA_ControlNet,0.35,7.0,0.021892067044973373,0.0010565974516794086,0.9257210493087769,0.1329052746295929,0.03164166584610939,0
bottle,DoRA_ControlNet,0.35,7.0,0.02219180390238762,0.0012263980461284518,0.9317750930786133,0.12927955389022827,0.0797753557562828,0
bottle,DoRA_ControlNet,0.38,5.5,0.024820081889629364,0.001530274748802185,0.9009041786193848,0.1800755113363266,0.06096531078219414,1
bottle,DoRA_ControlNet,0.38,5.5,0.02477271854877472,0.0015477482229471207,0.9062827825546265,0.17156101763248444,0.10112076997756958,1
bottle,DoRA_ControlNet,0.38,5.5,0.024227850139141083,0.0013656455557793379,0.8926188349723816,0.18774034082889557,0.05485861375927925,1
bottle,DoRA_ControlNet,0.38,5.5,0.023932775482535362,0.0012823535362258554,0.9025373458862305,0.2068902552127838,0.06518272310495377,1
bottle,DoRA_ControlNet,0.38,5.5,0.024471446871757507,0.0016550751170143485,0.9151691198348999,0.14115139842033386,0.07500717788934708,1
bottle,DoRA_ControlNet,0.38,5.5,0.024066951125860214,0.0014610146172344685,0.9183363914489746,0.14583811163902283,0.057693347334861755,1
bottle,DoRA_ControlNet,0.38,5.5,0.02525375783443451,0.0016339169815182686,0.8918320536613464,0.19297584891319275,0.08669418841600418,1
bottle,DoRA_ControlNet,0.38,5.5,0.02375669777393341,0.0013518109917640686,0.8922662138938904,0.18787625432014465,0.06412383168935776,1
bottle,DoRA_ControlNet,0.38,5.5,0.024562906473875046,0.0015751984901726246,0.9062172770500183,0.17104853689670563,0.12339303642511368,1
bottle,DoRA_ControlNet,0.38,5.5,0.022887274622917175,0.0012558810412883759,0.9206870794296265,0.1456361711025238,0.07330192625522614,1
bottle,DoRA_ControlNet,0.38,5.5,0.02308991178870201,0.0012605462688952684,0.9152066111564636,0.16540125012397766,0.055777885019779205,1
bottle,DoRA_ControlNet,0.38,5.5,0.02378353476524353,0.001536381198093295,0.9097654819488525,0.14996972680091858,0.13395199179649353,1
bottle,DoRA_ControlNet,0.38,5.5,0.023409640416502953,0.0014701023465022445,0.910500705242157,0.1454487144947052,0.09197691082954407,1
bottle,DoRA_ControlNet,0.38,5.5,0.02509945258498192,0.001564079662784934,0.8867517709732056,0.1740906983613968,0.036934465169906616,1
bottle,DoRA_ControlNet,0.38,5.5,0.023355141282081604,0.0014263137709349394,0.9239060878753662,0.1418442726135254,0.12048541754484177,1
bottle,DoRA_ControlNet,0.38,5.5,0.02391943894326687,0.0014817563351243734,0.9106881022453308,0.152391254901886,0.08323853462934494,1
bottle,DoRA_ControlNet,0.38,5.5,0.024685770273208618,0.001621265197172761,0.9047898650169373,0.1691163331270218,0.07366878539323807,1
bottle,DoRA_ControlNet,0.38,5.5,0.024838607758283615,0.0016127008711919188,0.9013433456420898,0.16952058672904968,0.07681995630264282,1
bottle,DoRA_ControlNet,0.38,5.5,0.025297222658991814,0.0017116647213697433,0.9021949172019958,0.17016419768333435,0.0629265084862709,1
bottle,DoRA_ControlNet,0.38,5.5,0.02467392012476921,0.0015164611395448446,0.9055479764938354,0.16045556962490082,0.07505868375301361,1
bottle,DoRA_ControlNet,0.38,5.5,0.023083936423063278,0.0013318192213773727,0.9200846552848816,0.1323176771402359,0.0750703290104866,1
bottle,DoRA_ControlNet,0.38,5.5,0.023666467517614365,0.0015790369361639023,0.9225332736968994,0.1334151178598404,0.09501504898071289,1
bottle,DoRA_ControlNet,0.38,5.5,0.024579789489507675,0.0018441922729834914,0.9125329256057739,0.14085859060287476,0.24244654178619385,1
bottle,DoRA_ControlNet,0.38,5.5,0.024288807064294815,0.001710756216198206,0.9136645793914795,0.14809536933898926,0.08521167933940887,1
bottle,DoRA_ControlNet,0.38,5.5,0.02385091781616211,0.0016376929124817252,0.9243263006210327,0.1389157474040985,0.08566859364509583,1
bottle,DoRA_ControlNet,0.38,5.5,0.02331070974469185,0.001323466538451612,0.9199986457824707,0.14173167943954468,0.05926578491926193,1
bottle,DoRA_ControlNet,0.38,5.5,0.023064058274030685,0.0014116506790742278,0.9220161437988281,0.14116010069847107,0.10982374101877213,1
bottle,DoRA_ControlNet,0.38,5.5,0.022801414132118225,0.0013547757407650352,0.9257723093032837,0.12807556986808777,0.11126542836427689,1
bottle,DoRA_ControlNet,0.38,5.5,0.023729577660560608,0.0013844560598954558,0.9020602107048035,0.15426358580589294,0.07025018334388733,1
bottle,DoRA_ControlNet,0.38,5.5,0.023206470534205437,0.0013665029546245933,0.9249951839447021,0.1333284080028534,0.08566251397132874,1
bottle,DoRA_ControlNet,0.38,5.5,0.02370036207139492,0.0015153128188103437,0.9262020587921143,0.1373385787010193,0.07332020252943039,1
bottle,DoRA_ControlNet,0.38,5.5,0.022039666771888733,0.0012263471726328135,0.9301328659057617,0.134987935423851,0.0558236800134182,1
bottle,DoRA_ControlNet,0.38,5.5,0.02415391430258751,0.0016701214481145144,0.9150065183639526,0.14491093158721924,0.06974128633737564,1
bottle,DoRA_ControlNet,0.38,5.5,0.023362502455711365,0.0013075319584459066,0.915503740310669,0.1390230655670166,0.0774075984954834,1
bottle,DoRA_ControlNet,0.38,5.5,0.02320033684372902,0.0013549886643886566,0.9194595813751221,0.1332714855670929,0.09271975606679916,1
bottle,DoRA_ControlNet,0.38,5.5,0.023398350924253464,0.001358290552161634,0.9139043688774109,0.14578889310359955,0.07148474454879761,1
bottle,DoRA_ControlNet,0.38,5.5,0.02239631675183773,0.0011929247993975878,0.9231823682785034,0.1400216519832611,0.04926931485533714,1
bottle,DoRA_ControlNet,0.38,5.5,0.024340420961380005,0.0016090538119897246,0.9165430068969727,0.1447024941444397,0.0730171799659729,1
bottle,DoRA_ControlNet,0.38,5.5,0.02464989200234413,0.0018805827712640166,0.9176958799362183,0.1424129456281662,0.217148095369339,1
bottle,DoRA_ControlNet,0.38,5.5,0.023092254996299744,0.0013037810567766428,0.9158663153648376,0.1404041200876236,0.09588080644607544,1
bottle,DoRA_ControlNet,0.38,5.5,0.02316962741315365,0.0014424824621528387,0.9175761938095093,0.1418817639350891,0.12630611658096313,1
bottle,DoRA_ControlNet,0.38,5.5,0.02357535809278488,0.001412458484992385,0.9241962432861328,0.13617093861103058,0.07243478298187256,1
bottle,DoRA_ControlNet,0.38,5.5,0.022573284804821014,0.001106256851926446,0.9063147902488708,0.15673503279685974,0.06503206491470337,1
bottle,DoRA_ControlNet,0.38,5.5,0.021856144070625305,0.0010196290677413344,0.9131201505661011,0.14391271770000458,0.05001368373632431,1
bottle,DoRA_ControlNet,0.38,5.5,0.023235615342855453,0.0012804085854440928,0.9174803495407104,0.14197541773319244,0.08225046843290329,1
bottle,DoRA_ControlNet,0.38,5.5,0.022576166316866875,0.001242681872099638,0.9190866947174072,0.1397230625152588,0.057095471769571304,1
bottle,DoRA_ControlNet,0.38,5.5,0.02242034673690796,0.0011218794388696551,0.9275768995285034,0.13474953174591064,0.031080281361937523,1
bottle,DoRA_ControlNet,0.38,5.5,0.027278995141386986,0.0017261154716834426,0.878508985042572,0.16421131789684296,0.08008415251970291,1
bottle,DoRA_ControlNet,0.38,5.5,0.026218485087156296,0.0014972153585404158,0.8915385007858276,0.1589580476284027,0.04176589474081993,1
bottle,DoRA_ControlNet,0.38,5.5,0.02561158500611782,0.0016913628205657005,0.9002925753593445,0.16137602925300598,0.08723153173923492,1
bottle,DoRA_ControlNet,0.38,5.5,0.022300023585557938,0.0010417195735499263,0.9018797874450684,0.14769378304481506,0.08428080379962921,1
bottle,DoRA_ControlNet,0.38,5.5,0.02246972545981407,0.001111644203774631,0.9140436053276062,0.14448952674865723,0.0628403052687645,1
bottle,DoRA_ControlNet,0.38,5.5,0.025318440049886703,0.0013008139794692397,0.8888863325119019,0.14153772592544556,0.03312264755368233,1
bottle,DoRA_ControlNet,0.38,5.5,0.02403249405324459,0.001278528245165944,0.9088555574417114,0.1538274586200714,0.0537799596786499,1
bottle,DoRA_ControlNet,0.38,5.5,0.025457236915826797,0.0014553412329405546,0.8983625769615173,0.14627687633037567,0.11798744648694992,1
bottle,DoRA_ControlNet,0.38,5.5,0.023795675486326218,0.0012295353226363659,0.9147240519523621,0.15047591924667358,0.05742642283439636,1
bottle,DoRA_ControlNet,0.38,5.5,0.022977516055107117,0.0012796439696103334,0.9177167415618896,0.13908341526985168,0.10084736347198486,1
bottle,DoRA_ControlNet,0.38,5.5,0.02342376671731472,0.0012092585675418377,0.9081019163131714,0.14568433165550232,0.0396098792552948,1
bottle,DoRA_ControlNet,0.38,5.5,0.024980878457427025,0.0015213394071906805,0.9091142416000366,0.13826492428779602,0.12144941836595535,1
bottle,DoRA_ControlNet,0.38,5.5,0.025205478072166443,0.0015515642007812858,0.9001569747924805,0.1609863042831421,0.0744745135307312,1
bottle,DoRA_ControlNet,0.38,5.5,0.023895487189292908,0.0016639742534607649,0.9258882403373718,0.135727658867836,0.18969202041625977,1
bottle,DoRA_ControlNet,0.38,5.5,0.022792359814047813,0.0012569607933983207,0.9172947406768799,0.1365242898464203,0.09163128584623337,1
bottle,DoRA_ControlNet,0.38,5.5,0.02479875087738037,0.0013532524462789297,0.9002537131309509,0.1534135639667511,0.0598638616502285,1
bottle,DoRA_ControlNet,0.38,5.5,0.02283940464258194,0.001258443109691143,0.9223099946975708,0.13512343168258667,0.049913033843040466,0
bottle,DoRA_ControlNet,0.38,5.5,0.021942462772130966,0.0011181049048900604,0.9328792095184326,0.134598046541214,0.08622478693723679,0
bottle,DoRA_ControlNet,0.38,5.5,0.023925017565488815,0.001428552670404315,0.9195703268051147,0.12658798694610596,0.08209222555160522,0
bottle,DoRA_ControlNet,0.38,5.5,0.02215971052646637,0.0011717320885509253,0.93174147605896,0.12431064248085022,0.09189268201589584,0
bottle,DoRA_ControlNet,0.38,5.5,0.021573062986135483,0.001036676811054349,0.931374192237854,0.12971895933151245,0.03681299090385437,0
bottle,DoRA_ControlNet,0.38,5.5,0.02246738038957119,0.0012527679791674018,0.9274762868881226,0.13112007081508636,0.059645120054483414,0
bottle,DoRA_ControlNet,0.38,5.5,0.023504070937633514,0.0013249577023088932,0.9167459011077881,0.1318410485982895,0.060714926570653915,0
bottle,DoRA_ControlNet,0.38,5.5,0.023128777742385864,0.0012179978657513857,0.921451985836029,0.13005754351615906,0.04714246094226837,0
bottle,DoRA_ControlNet,0.38,5.5,0.02268669381737709,0.0012851894134655595,0.9334918856620789,0.11756524443626404,0.09441357851028442,0
bottle,DoRA_ControlNet,0.38,5.5,0.022926663979887962,0.001207926427014172,0.9247058629989624,0.13684618473052979,0.05245189741253853,0
bottle,DoRA_ControlNet,0.38,5.5,0.022005494683980942,0.001186029170639813,0.924962043762207,0.13538874685764313,0.08215299248695374,0
bottle,DoRA_ControlNet,0.38,5.5,0.022533077746629715,0.0012019728310406208,0.9284663200378418,0.12332228571176529,0.062013931572437286,0
bottle,DoRA_ControlNet,0.38,5.5,0.023210443556308746,0.001260816352441907,0.9183621406555176,0.13199056684970856,0.0404927060008049,0
bottle,DoRA_ControlNet,0.38,5.5,0.023045789450407028,0.001303034252487123,0.9210654497146606,0.13175281882286072,0.09787606447935104,0
bottle,DoRA_ControlNet,0.38,5.5,0.02358843944966793,0.001329184859059751,0.9313384890556335,0.12727829813957214,0.05730735510587692,0
bottle,DoRA_ControlNet,0.38,5.5,0.022421639412641525,0.0011880648089572787,0.9249782562255859,0.131687730550766,0.07975675165653229,0
bottle,DoRA_ControlNet,0.38,5.5,0.023252025246620178,0.0013023426290601492,0.9289841651916504,0.13411352038383484,0.07286094129085541,0
bottle,DoRA_ControlNet,0.38,5.5,0.02235424518585205,0.001230904832482338,0.9317528009414673,0.13074424862861633,0.0826878547668457,0
bottle,DoRA_ControlNet,0.38,5.5,0.021859705448150635,0.0010571512393653393,0.9252545237541199,0.1330999881029129,0.03481100872159004,0
bottle,DoRA_ControlNet,0.38,5.5,0.022158866748213768,0.0012401656713336706,0.931358814239502,0.12884245812892914,0.08633393049240112,0
bottle,DoRA_ControlNet,0.38,6.0,0.025084486231207848,0.001567554660141468,0.8986086249351501,0.18075934052467346,0.06053649261593819,1
bottle,DoRA_ControlNet,0.38,6.0,0.02505483292043209,0.0015785002615302801,0.9049053192138672,0.17145293951034546,0.102728933095932,1
bottle,DoRA_ControlNet,0.38,6.0,0.024500038474798203,0.001399223692715168,0.8907104730606079,0.18818175792694092,0.05532305687665939,1
bottle,DoRA_ControlNet,0.38,6.0,0.024158623069524765,0.0013045796658843756,0.900316596031189,0.2087295800447464,0.06512502580881119,1
bottle,DoRA_ControlNet,0.38,6.0,0.02472611330449581,0.0016860065516084433,0.9143317937850952,0.14145657420158386,0.07634811103343964,1
bottle,DoRA_ControlNet,0.38,6.0,0.024353504180908203,0.001489090733230114,0.9168676733970642,0.1468864232301712,0.05845171958208084,1
bottle,DoRA_ControlNet,0.38,6.0,0.025452380999922752,0.0016593593172729015,0.8899565935134888,0.1946198046207428,0.08695916831493378,1
bottle,DoRA_ControlNet,0.38,6.0,0.02400211989879608,0.0013810673262923956,0.8904026746749878,0.18829181790351868,0.06323420256376266,1
bottle,DoRA_ControlNet,0.38,6.0,0.024765200912952423,0.0016014259308576584,0.9047878980636597,0.1718234419822693,0.12541194260120392,1
bottle,DoRA_ControlNet,0.38,6.0,0.02309250645339489,0.0012774376664310694,0.9198247194290161,0.14638853073120117,0.07378031313419342,1
bottle,DoRA_ControlNet,0.38,6.0,0.023303916677832603,0.0012849103659391403,0.9135299921035767,0.16603150963783264,0.05737118795514107,1
bottle,DoRA_ControlNet,0.38,6.0,0.024026881903409958,0.0015692904125899076,0.9082467555999756,0.1498885154724121,0.13596104085445404,1
bottle,DoRA_ControlNet,0.38,6.0,0.02363501489162445,0.0014890575548633933,0.9093537330627441,0.14534933865070343,0.09225772321224213,1
bottle,DoRA_ControlNet,0.38,6.0,0.02530001662671566,0.0015907937195152044,0.8846937417984009,0.1747155785560608,0.037566568702459335,1
bottle,DoRA_ControlNet,0.38,6.0,0.023572176694869995,0.0014509956818073988,0.9229192733764648,0.1420835703611374,0.12101542204618454,1
bottle,DoRA_ControlNet,0.38,6.0,0.024144843220710754,0.001512003829702735,0.9089135527610779,0.15297414362430573,0.0842229351401329,1
bottle,DoRA_ControlNet,0.38,6.0,0.024874549359083176,0.0016512348083779216,0.9030153751373291,0.16977843642234802,0.0736485943198204,1
bottle,DoRA_ControlNet,0.38,6.0,0.025051265954971313,0.001645185286179185,0.8994204998016357,0.1708393692970276,0.07719302177429199,1
bottle,DoRA_ControlNet,0.38,6.0,0.02547268569469452,0.001737853279337287,0.900942325592041,0.1708400845527649,0.06361612677574158,1
bottle,DoRA_ControlNet,0.38,6.0,0.024879133328795433,0.0015407211612910032,0.9037636518478394,0.16184596717357635,0.0765274241566658,1
bottle,DoRA_ControlNet,0.38,6.0,0.0232884269207716,0.0013565048575401306,0.9187392592430115,0.13294900953769684,0.07688784599304199,1
bottle,DoRA_ControlNet,0.38,6.0,0.02383754961192608,0.0016050199046730995,0.9211603999137878,0.1335456371307373,0.09654134511947632,1
bottle,DoRA_ControlNet,0.38,6.0,0.024804145097732544,0.0018728680443018675,0.9112920761108398,0.14156170189380646,0.24799923598766327,1
bottle,DoRA_ControlNet,0.38,6.0,0.02446429803967476,0.0017296932637691498,0.9127269983291626,0.14835593104362488,0.08451974391937256,1
bottle,DoRA_ControlNet,0.38,6.0,0.024083957076072693,0.0016635712236166,0.9227560758590698,0.139927476644516,0.0869441106915474,1
bottle,DoRA_ControlNet,0.38,6.0,0.02355467900633812,0.0013530909782275558,0.9183129072189331,0.14281980693340302,0.06011077016592026,1
bottle,DoRA_ControlNet,0.38,6.0,0.023205477744340897,0.001430863281711936,0.920958399772644,0.1416335105895996,0.1107487827539444,1
bottle,DoRA_ControlNet,0.38,6.0,0.023014411330223083,0.0013789975782856345,0.924479603767395,0.12838998436927795,0.11184512823820114,1
bottle,DoRA_ControlNet,0.38,6.0,0.023885231465101242,0.0014094335492700338,0.9005362391471863,0.15513160824775696,0.07225711643695831,1
bottle,DoRA_ControlNet,0.38,6.0,0.023453891277313232,0.0013927796389907598,0.9236673712730408,0.1343206763267517,0.086116261780262,1
bottle,DoRA_ControlNet,0.38,6.0,0.023951631039381027,0.0015504572074860334,0.9244973063468933,0.13853661715984344,0.07544710487127304,1
bottle,DoRA_ControlNet,0.38,6.0,0.02222525328397751,0.00124955119099468,0.928800106048584,0.13492824137210846,0.05598139762878418,1
bottle,DoRA_ControlNet,0.38,6.0,0.02437557652592659,0.0016976159531623125,0.913631796836853,0.14533363282680511,0.07096435874700546,1
bottle,DoRA_ControlNet,0.38,6.0,0.023654058575630188,0.001336551271378994,0.9138080477714539,0.13951647281646729,0.07764248549938202,1
bottle,DoRA_ControlNet,0.38,6.0,0.023408105596899986,0.0013786944327875972,0.9182157516479492,0.1337733417749405,0.0913531631231308,1
bottle,DoRA_ControlNet,0.38,6.0,0.023551886901259422,0.0013791397213935852,0.9128202199935913,0.1463313102722168,0.07186218351125717,1
bottle,DoRA_ControlNet,0.38,6.0,0.022688686847686768,0.0012264186516404152,0.9215368032455444,0.14109870791435242,0.050469543784856796,1
bottle,DoRA_ControlNet,0.38,6.0,0.024604028090834618,0.0016416283324360847,0.9148381948471069,0.14547045528888702,0.07393056899309158,1
bottle,DoRA_ControlNet,0.38,6.0,0.024852972477674484,0.0019163232063874602,0.9164042472839355,0.1425994336605072,0.22590859234333038,1
bottle,DoRA_ControlNet,0.38,6.0,0.02331617847084999,0.0013305380707606673,0.9143903255462646,0.14031393826007843,0.09427317976951599,1
bottle,DoRA_ControlNet,0.38,6.0,0.023366045206785202,0.00146729894913733,0.9163791537284851,0.1430414617061615,0.12766698002815247,1
bottle,DoRA_ControlNet,0.38,6.0,0.023790854960680008,0.0014371940633282065,0.9231561422348022,0.13713030517101288,0.07398433238267899,1
bottle,DoRA_ControlNet,0.38,6.0,0.02273363620042801,0.0011261027539148927,0.9052587747573853,0.15803751349449158,0.06591851264238358,1
bottle,DoRA_ControlNet,0.38,6.0,0.022052615880966187,0.0010367230279371142,0.9120171070098877,0.14505532383918762,0.050095632672309875,1
bottle,DoRA_ControlNet,0.38,6.0,0.02349301241338253,0.0013084992533549666,0.9162019491195679,0.1426244080066681,0.08273671567440033,1
bottle,DoRA_ControlNet,0.38,6.0,0.022776266559958458,0.0012703418033197522,0.9171319007873535,0.14042343199253082,0.05848975107073784,1
bottle,DoRA_ControlNet,0.38,6.0,0.022649411112070084,0.0011474996572360396,0.9260386228561401,0.1360020637512207,0.030953530222177505,1
bottle,DoRA_ControlNet,0.38,6.0,0.02748647890985012,0.001756008481606841,0.8764137029647827,0.16599640250205994,0.08285357058048248,1
bottle,DoRA_ControlNet,0.38,6.0,0.026260122656822205,0.0015119531890377402,0.8911246061325073,0.15911801159381866,0.04293006286025047,1
bottle,DoRA_ControlNet,0.38,6.0,0.025825990363955498,0.001720137894153595,0.8993425369262695,0.16263563930988312,0.0881245955824852,1
bottle,DoRA_ControlNet,0.38,6.0,0.022476067766547203,0.0010639065876603127,0.90027916431427,0.14913079142570496,0.08503791689872742,1
bottle,DoRA_ControlNet,0.38,6.0,0.02273351326584816,0.0011419289512559772,0.9125344157218933,0.14546824991703033,0.06402368098497391,1
bottle,DoRA_ControlNet,0.38,6.0,0.02565070241689682,0.001338769681751728,0.8857638835906982,0.14313454926013947,0.03243883699178696,1
bottle,DoRA_ControlNet,0.38,6.0,0.024272121489048004,0.001304849749431014,0.9073137044906616,0.15495222806930542,0.05371442437171936,1
bottle,DoRA_ControlNet,0.38,6.0,0.02580619417130947,0.0014912973856553435,0.8963086605072021,0.14752990007400513,0.12050008773803711,1
bottle,DoRA_ControlNet,0.38,6.0,0.02407871186733246,0.0012634259182959795,0.9125772714614868,0.15184235572814941,0.0582406111061573,1
bottle,DoRA_ControlNet,0.38,6.0,0.02322380803525448,0.0013065154198557138,0.9163286089897156,0.13981592655181885,0.1015462875366211,1
bottle,DoRA_ControlNet,0.38,6.0,0.023645758628845215,0.00123510358389467,0.9063467979431152,0.14622151851654053,0.04003249481320381,1
bottle,DoRA_ControlNet,0.38,6.0,0.025108907371759415,0.0015498361317440867,0.9078113436698914,0.13867196440696716,0.1253889948129654,1
bottle,DoRA_ControlNet,0.38,6.0,0.025509435683488846,0.0015934932744130492,0.8980171084403992,0.16198977828025818,0.07513268291950226,1
bottle,DoRA_ControlNet,0.38,6.0,0.02411496266722679,0.0016954028978943825,0.9246507883071899,0.13640595972537994,0.1934664398431778,1
bottle,DoRA_ControlNet,0.38,6.0,0.0230766162276268,0.0012908325297757983,0.9153310656547546,0.13777431845664978,0.09318669885396957,1
bottle,DoRA_ControlNet,0.38,6.0,0.025018012151122093,0.001377803273499012,0.898878276348114,0.15363898873329163,0.06163778901100159,1
bottle,DoRA_ControlNet,0.38,6.0,0.023091120645403862,0.0012938957661390305,0.9202345609664917,0.1360393911600113,0.05061015114188194,0
bottle,DoRA_ControlNet,0.38,6.0,0.02218092605471611,0.0011444117408245802,0.930982768535614,0.13600268959999084,0.08773540705442429,0
bottle,DoRA_ControlNet,0.38,6.0,0.024101871997117996,0.001451202086172998,0.9182595610618591,0.12705619633197784,0.08368293941020966,0
bottle,DoRA_ControlNet,0.38,6.0,0.02246002107858658,0.001201979466713965,0.9298140406608582,0.12516042590141296,0.09289664030075073,0
bottle,DoRA_ControlNet,0.38,6.0,0.02183206006884575,0.0010606130817905068,0.9301003217697144,0.13067027926445007,0.037265706807374954,0
bottle,DoRA_ControlNet,0.38,6.0,0.022753139957785606,0.0012851066421717405,0.9256748557090759,0.13191276788711548,0.06058406084775925,0
bottle,DoRA_ControlNet,0.38,6.0,0.02372639998793602,0.001347447745501995,0.9154521226882935,0.13203772902488708,0.0613931342959404,0
bottle,DoRA_ControlNet,0.38,6.0,0.0232989601790905,0.001236680313013494,0.9203612208366394,0.13015733659267426,0.04777195304632187,0
bottle,DoRA_ControlNet,0.38,6.0,0.02292731963098049,0.0013119701761752367,0.9321918487548828,0.11796580255031586,0.0957488939166069,0
bottle,DoRA_ControlNet,0.38,6.0,0.023200497031211853,0.0012394499499350786,0.9225327968597412,0.13885752856731415,0.0534999817609787,0
bottle,DoRA_ControlNet,0.38,6.0,0.022261595353484154,0.00121281947940588,0.9232022166252136,0.1369897425174713,0.08283117413520813,0
bottle,DoRA_ControlNet,0.38,6.0,0.022770946845412254,0.0012270653387531638,0.9270424246788025,0.12422209978103638,0.06266524642705917,0
bottle,DoRA_ControlNet,0.38,6.0,0.023410778492689133,0.0012817555107176304,0.9168965220451355,0.13161438703536987,0.03945678099989891,0
bottle,DoRA_ControlNet,0.38,6.0,0.023255042731761932,0.001331870211288333,0.9194539785385132,0.13251951336860657,0.10326874256134033,0
bottle,DoRA_ControlNet,0.38,6.0,0.02378675900399685,0.0013555192854255438,0.9302572011947632,0.1278129667043686,0.05854743719100952,0
bottle,DoRA_ControlNet,0.38,6.0,0.02261308580636978,0.0012126965448260307,0.9235072135925293,0.13244275748729706,0.08040270209312439,0
bottle,DoRA_ControlNet,0.38,6.0,0.023495227098464966,0.001333769760094583,0.9274846911430359,0.13484416902065277,0.0735657662153244,0
bottle,DoRA_ControlNet,0.38,6.0,0.022546445950865746,0.001251458190381527,0.9308778047561646,0.13103604316711426,0.0838446170091629,0
bottle,DoRA_ControlNet,0.38,6.0,0.02207041345536709,0.0010811896063387394,0.9237380027770996,0.13452954590320587,0.03394337743520737,0
bottle,DoRA_ControlNet,0.38,6.0,0.022406771779060364,0.001266660401597619,0.9299778938293457,0.1298624873161316,0.08676110953092575,0
bottle,DoRA_ControlNet,0.38,6.5,0.025359883904457092,0.001605339697562158,0.8963560461997986,0.18168169260025024,0.060117125511169434,1
bottle,DoRA_ControlNet,0.38,6.5,0.025286272168159485,0.0016109265852719545,0.9032896757125854,0.17145293951034546,0.10387041419744492,1
bottle,DoRA_ControlNet,0.38,6.5,0.02477855049073696,0.0014379144413396716,0.8884673118591309,0.1894567906856537,0.055849213153123856,1
bottle,DoRA_ControlNet,0.38,6.5,0.024464420974254608,0.00133365741930902,0.8977657556533813,0.21166998147964478,0.06472153961658478,1
bottle,DoRA_ControlNet,0.38,6.5,0.024965371936559677,0.0017179169226437807,0.9131120443344116,0.14258652925491333,0.07759657502174377,1
bottle,DoRA_ControlNet,0.38,6.5,0.024573199450969696,0.0015164148062467575,0.9153923392295837,0.14857541024684906,0.05912008881568909,1
bottle,DoRA_ControlNet,0.38,6.5,0.025704067200422287,0.0016842002514749765,0.8877863883972168,0.19453279674053192,0.08782133460044861,1
bottle,DoRA_ControlNet,0.38,6.5,0.024203788489103317,0.0014094950165599585,0.888451099395752,0.18954667448997498,0.06223287060856819,1
bottle,DoRA_ControlNet,0.38,6.5,0.025019308552145958,0.0016335078980773687,0.9030853509902954,0.17214958369731903,0.1277446299791336,1
bottle,DoRA_ControlNet,0.38,6.5,0.023313958197832108,0.0013023826759308577,0.9187542796134949,0.1471976935863495,0.07387049496173859,1
bottle,DoRA_ControlNet,0.38,6.5,0.02354147657752037,0.0013117640046402812,0.9115172624588013,0.16682535409927368,0.058902326971292496,1
bottle,DoRA_ControlNet,0.38,6.5,0.024349521845579147,0.0016086165560409427,0.9064404964447021,0.1508585512638092,0.13819824159145355,1
bottle,DoRA_ControlNet,0.38,6.5,0.02382573112845421,0.001511754933744669,0.9078418612480164,0.1462639421224594,0.0925830751657486,1
bottle,DoRA_ControlNet,0.38,6.5,0.025593385100364685,0.0016229774337261915,0.8825125098228455,0.17509056627750397,0.03825536370277405,1
bottle,DoRA_ControlNet,0.38,6.5,0.023827437311410904,0.0014815707691013813,0.9215989112854004,0.14294584095478058,0.12190286815166473,1
bottle,DoRA_ControlNet,0.38,6.5,0.02434306964278221,0.0015399698168039322,0.9073361158370972,0.15344884991645813,0.08528079092502594,1
bottle,DoRA_ControlNet,0.38,6.5,0.025123313069343567,0.0016831535613164306,0.9011890888214111,0.17076733708381653,0.07392900437116623,1
bottle,DoRA_ControlNet,0.38,6.5,0.0253283828496933,0.0016781780868768692,0.8974865674972534,0.17113608121871948,0.07763112336397171,1
bottle,DoRA_ControlNet,0.38,6.5,0.025765717029571533,0.0017704254714772105,0.8994121551513672,0.17181529104709625,0.0642007365822792,1
bottle,DoRA_ControlNet,0.38,6.5,0.025087419897317886,0.001566499238833785,0.9019359350204468,0.1628350466489792,0.07872086763381958,1
bottle,DoRA_ControlNet,0.38,6.5,0.023504462093114853,0.0013839424354955554,0.9171880483627319,0.1342611312866211,0.0794328898191452,1
bottle,DoRA_ControlNet,0.38,6.5,0.02408701181411743,0.0016341399168595672,0.919766366481781,0.13406096398830414,0.09786973893642426,1
bottle,DoRA_ControlNet,0.38,6.5,0.02496398240327835,0.0018986769719049335,0.9101924896240234,0.14227217435836792,0.25367289781570435,1
bottle,DoRA_ControlNet,0.38,6.5,0.024631595239043236,0.0017466116696596146,0.9118622541427612,0.14881369471549988,0.08343803137540817,1
bottle,DoRA_ControlNet,0.38,6.5,0.024283260107040405,0.0016893416177481413,0.9211348295211792,0.14148037135601044,0.08809541910886765,1
bottle,DoRA_ControlNet,0.38,6.5,0.023781171068549156,0.0013816570863127708,0.9167425632476807,0.14385300874710083,0.061054788529872894,1
bottle,DoRA_ControlNet,0.38,6.5,0.023397332057356834,0.0014529610052704811,0.919745683670044,0.14213170111179352,0.11105996370315552,1
bottle,DoRA_ControlNet,0.38,6.5,0.023202797397971153,0.0014026541030034423,0.9232749938964844,0.12901248037815094,0.11237546801567078,1
bottle,DoRA_ControlNet,0.38,6.5,0.02411700412631035,0.0014357927720993757,0.8990656733512878,0.15589025616645813,0.0737985149025917,1
bottle,DoRA_ControlNet,0.38,6.5,0.023731466382741928,0.0014221442397683859,0.9220714569091797,0.13583627343177795,0.0863150954246521,1
bottle,DoRA_ControlNet,0.38,6.5,0.02421993389725685,0.0015881555154919624,0.9227524995803833,0.13905513286590576,0.07898884266614914,1
bottle,DoRA_ControlNet,0.38,6.5,0.022435996681451797,0.0012734963092952967,0.927421510219574,0.13525673747062683,0.05624762922525406,1
bottle,DoRA_ControlNet,0.38,6.5,0.024576788768172264,0.0017250084783881903,0.9122776389122009,0.14595140516757965,0.0725371465086937,1
bottle,DoRA_ControlNet,0.38,6.5,0.023956764489412308,0.0013666842132806778,0.9119669198989868,0.14021143317222595,0.07794295996427536,1
bottle,DoRA_ControlNet,0.38,6.5,0.023677945137023926,0.0014063649578019977,0.9166037440299988,0.13505586981773376,0.09054591506719589,1
bottle,DoRA_ControlNet,0.38,6.5,0.023741677403450012,0.0014020337257534266,0.911645770072937,0.14635610580444336,0.07230980694293976,1
bottle,DoRA_ControlNet,0.38,6.5,0.02296772599220276,0.001260880148038268,0.9197593927383423,0.142604798078537,0.05216221511363983,1
bottle,DoRA_ControlNet,0.38,6.5,0.02492077648639679,0.0016801258316263556,0.9127109050750732,0.1464291214942932,0.07505637407302856,1
bottle,DoRA_ControlNet,0.38,6.5,0.02512187510728836,0.0019574572797864676,0.9149450063705444,0.14339248836040497,0.23303642868995667,1
bottle,DoRA_ControlNet,0.38,6.5,0.023607222363352776,0.0013643954880535603,0.9125766158103943,0.14112401008605957,0.09362246841192245,1
bottle,DoRA_ControlNet,0.38,6.5,0.023548301309347153,0.0014908908633515239,0.9152771830558777,0.14353223145008087,0.12842808663845062,1
bottle,DoRA_ControlNet,0.38,6.5,0.023962508887052536,0.0014597764238715172,0.9221838712692261,0.13780923187732697,0.0756874606013298,1
bottle,DoRA_ControlNet,0.38,6.5,0.0228734090924263,0.0011470385361462831,0.9038459658622742,0.15940693020820618,0.06661123782396317,1
bottle,DoRA_ControlNet,0.38,6.5,0.0222869124263525,0.0010602620895951986,0.9105463027954102,0.14676642417907715,0.05088714137673378,1
bottle,DoRA_ControlNet,0.38,6.5,0.023776493966579437,0.0013404189376160502,0.914696216583252,0.14319591224193573,0.08389050513505936,1
bottle,DoRA_ControlNet,0.38,6.5,0.023139184340834618,0.0013018390163779259,0.9150787591934204,0.1415763646364212,0.05965600907802582,1
bottle,DoRA_ControlNet,0.38,6.5,0.022925307974219322,0.0011767966207116842,0.9243125915527344,0.13715438544750214,0.030891412869095802,1
bottle,DoRA_ControlNet,0.38,6.5,0.027741611003875732,0.0017963924910873175,0.8740219473838806,0.1679486632347107,0.08637963980436325,1
bottle,DoRA_ControlNet,0.38,6.5,0.0264248289167881,0.0015320924576371908,0.8903152346611023,0.15957903861999512,0.043554287403821945,1
bottle,DoRA_ControlNet,0.38,6.5,0.026070401072502136,0.0017537841340526938,0.8981308341026306,0.16424041986465454,0.08912912756204605,1
bottle,DoRA_ControlNet,0.38,6.5,0.022742917761206627,0.0010918210027739406,0.8982377052307129,0.15058666467666626,0.08566712588071823,1
bottle,DoRA_ControlNet,0.38,6.5,0.022999923676252365,0.0011752251302823424,0.9108594655990601,0.14634214341640472,0.06614836305379868,1
bottle,DoRA_ControlNet,0.38,6.5,0.02598206326365471,0.0013800507877022028,0.8824700713157654,0.14513438940048218,0.031755201518535614,1
bottle,DoRA_ControlNet,0.38,6.5,0.024584397673606873,0.001334907254204154,0.9054254293441772,0.15640881657600403,0.05412190407514572,1
bottle,DoRA_ControlNet,0.38,6.5,0.02609812095761299,0.0015261037042364478,0.8941401243209839,0.14877647161483765,0.12303364276885986,1
bottle,DoRA_ControlNet,0.38,6.5,0.024377277120947838,0.0012988713569939137,0.9105299711227417,0.15273889899253845,0.059088047593832016,1
bottle,DoRA_ControlNet,0.38,6.5,0.023407384753227234,0.0013300766004249454,0.9151432514190674,0.14054381847381592,0.10190699994564056,1
bottle,DoRA_ControlNet,0.38,6.5,0.023932214826345444,0.0012648786650970578,0.9043703079223633,0.1469590663909912,0.040528446435928345,1
bottle,DoRA_ControlNet,0.38,6.5,0.02537887915968895,0.0015834313817322254,0.9065146446228027,0.13914567232131958,0.129219189286232,1
bottle,DoRA_ControlNet,0.38,6.5,0.02582607977092266,0.0016384361078962684,0.8960933685302734,0.16303732991218567,0.07512690126895905,1
bottle,DoRA_ControlNet,0.38,6.5,0.024370810016989708,0.0017309561371803284,0.9232500791549683,0.13640090823173523,0.19711405038833618,1
bottle,DoRA_ControlNet,0.38,6.5,0.023327358067035675,0.0013246922753751278,0.9133576154708862,0.1385154277086258,0.09451032429933548,1
bottle,DoRA_ControlNet,0.38,6.5,0.025254666805267334,0.0014042429393157363,0.8974301218986511,0.15413722395896912,0.06313258409500122,1
bottle,DoRA_ControlNet,0.38,6.5,0.02334749326109886,0.0013258273247629404,0.9184489250183105,0.1368878334760666,0.050824157893657684,0
bottle,DoRA_ControlNet,0.38,6.5,0.022537995129823685,0.0011719090398401022,0.9262508153915405,0.14147049188613892,0.08823154866695404,0
bottle,DoRA_ControlNet,0.38,6.5,0.024299219250679016,0.001476990757510066,0.9167596101760864,0.128325417637825,0.08588588237762451,0
bottle,DoRA_ControlNet,0.38,6.5,0.02270219847559929,0.0012306900462135673,0.9277245402336121,0.12613826990127563,0.09474193304777145,0
bottle,DoRA_ControlNet,0.38,6.5,0.022088943049311638,0.0010845069773495197,0.9286513328552246,0.13156263530254364,0.03756846487522125,0
bottle,DoRA_ControlNet,0.38,6.5,0.02304968237876892,0.0013220414984971285,0.9237868189811707,0.13297143578529358,0.06207466870546341,0
bottle,DoRA_ControlNet,0.38,6.5,0.023945219814777374,0.0013710627099499106,0.9141330122947693,0.13249416649341583,0.06225825473666191,0
bottle,DoRA_ControlNet,0.38,6.5,0.023513704538345337,0.0012581123737618327,0.9190118312835693,0.1310078650712967,0.048762861639261246,0
bottle,DoRA_ControlNet,0.38,6.5,0.023155761882662773,0.0013395468704402447,0.9308469295501709,0.1187022402882576,0.09689170867204666,0
bottle,DoRA_ControlNet,0.38,6.5,0.023458331823349,0.0012694346951320767,0.9203588962554932,0.14052923023700714,0.05442521348595619,0
bottle,DoRA_ControlNet,0.38,6.5,0.022480443120002747,0.001240862999111414,0.921556830406189,0.13835346698760986,0.08587868511676788,0
bottle,DoRA_ControlNet,0.38,6.5,0.022976642474532127,0.0012501555029302835,0.9257580041885376,0.12421095371246338,0.06337601691484451,0
bottle,DoRA_ControlNet,0.38,6.5,0.02363809570670128,0.0013070553541183472,0.9151780009269714,0.13214318454265594,0.040303442627191544,0
bottle,DoRA_ControlNet,0.38,6.5,0.023502036929130554,0.0013633494963869452,0.9177309274673462,0.1335650384426117,0.10859325528144836,0
bottle,DoRA_ControlNet,0.38,6.5,0.024074619635939598,0.0013873748248443007,0.9287933707237244,0.1290028691291809,0.059566013514995575,0
bottle,DoRA_ControlNet,0.38,6.5,0.022800853475928307,0.0012366087175905704,0.9221209287643433,0.13308800756931305,0.08022519201040268,0
bottle,DoRA_ControlNet,0.38,6.5,0.02373587340116501,0.001367900287732482,0.9259185194969177,0.13591419160366058,0.07430937886238098,0
bottle,DoRA_ControlNet,0.38,6.5,0.022739499807357788,0.0012745673302561045,0.9296954870223999,0.1322871744632721,0.08531391620635986,0
bottle,DoRA_ControlNet,0.38,6.5,0.022302186116576195,0.0011063317069783807,0.9223193526268005,0.13522067666053772,0.03428002819418907,0
bottle,DoRA_ControlNet,0.38,6.5,0.022641554474830627,0.0012922054156661034,0.9286981821060181,0.1305079609155655,0.08729397505521774,0
bottle,DoRA_ControlNet,0.38,7.0,0.02562011405825615,0.0016456738812848926,0.8939046859741211,0.18222936987876892,0.05999260023236275,1
bottle,DoRA_ControlNet,0.38,7.0,0.02556944638490677,0.0016470029950141907,0.9013192653656006,0.17201770842075348,0.1040249839425087,1
bottle,DoRA_ControlNet,0.38,7.0,0.025010254234075546,0.0014612585073336959,0.8869814872741699,0.19034087657928467,0.05600232630968094,1
bottle,DoRA_ControlNet,0.38,7.0,0.024731360375881195,0.001361960545182228,0.8952558040618896,0.21367979049682617,0.06518609821796417,1
bottle,DoRA_ControlNet,0.38,7.0,0.02521417662501335,0.0017504265997558832,0.9120261669158936,0.14323030412197113,0.07883383333683014,1
bottle,DoRA_ControlNet,0.38,7.0,0.02480563148856163,0.0015461700968444347,0.9138759970664978,0.15010493993759155,0.06023481488227844,1
bottle,DoRA_ControlNet,0.38,7.0,0.025843758136034012,0.0017070157919079065,0.8863460421562195,0.19426654279232025,0.08805464208126068,1
bottle,DoRA_ControlNet,0.38,7.0,0.02444068156182766,0.0014410249423235655,0.8864373564720154,0.19012051820755005,0.06096122786402702,1
bottle,DoRA_ControlNet,0.38,7.0,0.025271113961935043,0.001666357507929206,0.901350736618042,0.17284677922725677,0.1301281899213791,1
bottle,DoRA_ControlNet,0.38,7.0,0.02349887415766716,0.0013264988083392382,0.9175822138786316,0.14791612327098846,0.074547179043293,1
bottle,DoRA_ControlNet,0.38,7.0,0.02376943826675415,0.0013391677057370543,0.9096250534057617,0.1680021584033966,0.0604555681347847,1
bottle,DoRA_ControlNet,0.38,7.0,0.02461487613618374,0.0016453375574201345,0.904636800289154,0.151642307639122,0.1403433382511139,1
bottle,DoRA_ControlNet,0.38,7.0,0.024052675813436508,0.0015314210904762149,0.9064438343048096,0.1468796581029892,0.09197958558797836,1
bottle,DoRA_ControlNet,0.38,7.0,0.025822630152106285,0.0016515811439603567,0.8803888559341431,0.17596520483493805,0.038545217365026474,1
bottle,DoRA_ControlNet,0.38,7.0,0.024008503183722496,0.0015116760041564703,0.9202172756195068,0.14365166425704956,0.12324753403663635,1
bottle,DoRA_ControlNet,0.38,7.0,0.02464795671403408,0.0015765849966555834,0.9051732420921326,0.15453480184078217,0.08670462667942047,1
bottle,DoRA_ControlNet,0.38,7.0,0.025351380929350853,0.001715982798486948,0.8993277549743652,0.1716066300868988,0.07420401275157928,1
bottle,DoRA_ControlNet,0.38,7.0,0.025601720437407494,0.0017166606849059463,0.8952643871307373,0.17248886823654175,0.0782410055398941,1
bottle,DoRA_ControlNet,0.38,7.0,0.02597304806113243,0.001800469122827053,0.8980962634086609,0.17316584289073944,0.06476175785064697,1
bottle,DoRA_ControlNet,0.38,7.0,0.025335630401968956,0.0015962319448590279,0.8999817371368408,0.16468922793865204,0.08066680282354355,1
bottle,DoRA_ControlNet,0.38,7.0,0.023803483694791794,0.001414087018929422,0.9156926870346069,0.13521815836429596,0.08162839710712433,1
bottle,DoRA_ControlNet,0.38,7.0,0.024313081055879593,0.0016649654135107994,0.9182401895523071,0.13446976244449615,0.0994005799293518,1
bottle,DoRA_ControlNet,0.38,7.0,0.02522199973464012,0.0019312440417706966,0.9086426496505737,0.14348112046718597,0.2573637366294861,1
bottle,DoRA_ControlNet,0.38,7.0,0.024790480732917786,0.0017639666330069304,0.9109494686126709,0.14928990602493286,0.08282504230737686,1
bottle,DoRA_ControlNet,0.38,7.0,0.02455354481935501,0.0017180051654577255,0.9194368720054626,0.1426316648721695,0.08965635299682617,1
bottle,DoRA_ControlNet,0.38,7.0,0.024045761674642563,0.0014138779370114207,0.9145285487174988,0.14567506313323975,0.061778370290994644,1
bottle,DoRA_ControlNet,0.38,7.0,0.023568853735923767,0.0014749945839866996,0.9185477495193481,0.14245112240314484,0.11172395199537277,1
bottle,DoRA_ControlNet,0.38,7.0,0.023453732952475548,0.001433531055226922,0.9215773940086365,0.13010936975479126,0.11301005631685257,1
bottle,DoRA_ControlNet,0.38,7.0,0.024328943341970444,0.001465621404349804,0.8975216746330261,0.15714134275913239,0.07581345736980438,1
bottle,DoRA_ControlNet,0.38,7.0,0.023969676345586777,0.0014504361897706985,0.9205566644668579,0.1374092698097229,0.086489737033844,1
bottle,DoRA_ControlNet,0.38,7.0,0.024534985423088074,0.0016302426811307669,0.9208106994628906,0.1401294618844986,0.08246868848800659,1
bottle,DoRA_ControlNet,0.38,7.0,0.02265186607837677,0.0013003901112824678,0.925975501537323,0.1355070322751999,0.05673285573720932,1
bottle,DoRA_ControlNet,0.38,7.0,0.02478933334350586,0.001756197540089488,0.9106483459472656,0.1469956487417221,0.07405941933393478,1
bottle,DoRA_ControlNet,0.38,7.0,0.02426506206393242,0.0014008547877892852,0.9098876714706421,0.1415328085422516,0.07812102884054184,1
bottle,DoRA_ControlNet,0.38,7.0,0.023941639810800552,0.001433715457096696,0.91486656665802,0.13579562306404114,0.08993624895811081,1
bottle,DoRA_ControlNet,0.38,7.0,0.023925647139549255,0.001424529473297298,0.9104425311088562,0.14705151319503784,0.0728200227022171,1
bottle,DoRA_ControlNet,0.38,7.0,0.02323221042752266,0.0012963078916072845,0.9176766276359558,0.14424428343772888,0.05373643711209297,1
bottle,DoRA_ControlNet,0.38,7.0,0.02521459385752678,0.001717063132673502,0.91062992811203,0.14771640300750732,0.07568361610174179,1
bottle,DoRA_ControlNet,0.38,7.0,0.025416824966669083,0.0019979397766292095,0.9135758280754089,0.1441693753004074,0.24124261736869812,1
bottle,DoRA_ControlNet,0.38,7.0,0.023824401199817657,0.001393528888002038,0.911018967628479,0.14179234206676483,0.092690609395504,1
bottle,DoRA_ControlNet,0.38,7.0,0.02377624623477459,0.001519980258308351,0.9138610363006592,0.14432279765605927,0.1299644410610199,1
bottle,DoRA_ControlNet,0.38,7.0,0.024164682254195213,0.0014863156247884035,0.9209122061729431,0.13957203924655914,0.07760395854711533,1
bottle,DoRA_ControlNet,0.38,7.0,0.023100942373275757,0.0011729036923497915,0.9020917415618896,0.16071316599845886,0.06724420934915543,1
bottle,DoRA_ControlNet,0.38,7.0,0.022482341155409813,0.001081953989341855,0.9090538024902344,0.1479935348033905,0.05141063034534454,1
bottle,DoRA_ControlNet,0.38,7.0,0.024056455120444298,0.0013706529280170798,0.9134079217910767,0.14371895790100098,0.08451274782419205,1
bottle,DoRA_ControlNet,0.38,7.0,0.0233550276607275,0.0013234689831733704,0.913521409034729,0.14203901588916779,0.061060164123773575,1
bottle,DoRA_ControlNet,0.38,7.0,0.023176368325948715,0.0012048031203448772,0.9226250648498535,0.1377936452627182,0.03067965805530548,1
bottle,DoRA_ControlNet,0.38,7.0,0.02803806960582733,0.00183843111153692,0.8712804317474365,0.17036503553390503,0.09013558179140091,1
bottle,DoRA_ControlNet,0.38,7.0,0.026570584625005722,0.0015531291719526052,0.8894664645195007,0.15980902314186096,0.04450386390089989,1
bottle,DoRA_ControlNet,0.38,7.0,0.026314571499824524,0.0017876134952530265,0.8968676328659058,0.16566914319992065,0.09028144925832748,1
bottle,DoRA_ControlNet,0.38,7.0,0.022954996675252914,0.0011171463411301374,0.8963791131973267,0.1522832214832306,0.08615365624427795,1
bottle,DoRA_ControlNet,0.38,7.0,0.023340683430433273,0.0012163821374997497,0.9089040160179138,0.14766965806484222,0.06756710261106491,1
bottle,DoRA_ControlNet,0.38,7.0,0.026332613080739975,0.0014219789300113916,0.8792880773544312,0.14751043915748596,0.03162393346428871,1
bottle,DoRA_ControlNet,0.38,7.0,0.024887463077902794,0.0013659180840477347,0.9036493301391602,0.1579706370830536,0.054456278681755066,1
bottle,DoRA_ControlNet,0.38,7.0,0.026425115764141083,0.0015618458855897188,0.892143189907074,0.149892657995224,0.12507683038711548,1
bottle,DoRA_ControlNet,0.38,7.0,0.02466600015759468,0.0013367824722081423,0.9081262946128845,0.15364056825637817,0.060241084545850754,1
bottle,DoRA_ControlNet,0.38,7.0,0.023662984371185303,0.0013578924117609859,0.9137474298477173,0.1409921646118164,0.10236656665802002,1
bottle,DoRA_ControlNet,0.38,7.0,0.02410324662923813,0.001288568484596908,0.9026020765304565,0.14777983725070953,0.040869541466236115,1
bottle,DoRA_ControlNet,0.38,7.0,0.025591980665922165,0.0016128004062920809,0.9051143527030945,0.13909369707107544,0.133211150765419,1
bottle,DoRA_ControlNet,0.38,7.0,0.026180516928434372,0.0016836946597322822,0.8935356140136719,0.16422976553440094,0.07455915212631226,1
bottle,DoRA_ControlNet,0.38,7.0,0.024556875228881836,0.0017592869699001312,0.9222911596298218,0.13676965236663818,0.2018982619047165,1
bottle,DoRA_ControlNet,0.38,7.0,0.023587055504322052,0.0013603016268461943,0.9111441969871521,0.13994911313056946,0.09630891680717468,1
bottle,DoRA_ControlNet,0.38,7.0,0.025444675236940384,0.0014277631416916847,0.8960584402084351,0.15463565289974213,0.06441610306501389,1
bottle,DoRA_ControlNet,0.38,7.0,0.023658540099859238,0.0013668648898601532,0.9162442088127136,0.1376153826713562,0.05186695232987404,0
bottle,DoRA_ControlNet,0.38,7.0,0.022684229537844658,0.0011943797580897808,0.9265515804290771,0.14029976725578308,0.08931785821914673,0
bottle,DoRA_ControlNet,0.38,7.0,0.024501975625753403,0.0015006971079856157,0.9153038859367371,0.12930746376514435,0.08791527152061462,0
bottle,DoRA_ControlNet,0.38,7.0,0.022992148995399475,0.0012626522220671177,0.9258242845535278,0.1270044893026352,0.09630966931581497,0
bottle,DoRA_ControlNet,0.38,7.0,0.022370880469679832,0.0011110318591818213,0.927199125289917,0.13277065753936768,0.03762426599860191,0
bottle,DoRA_ControlNet,0.38,7.0,0.02339901588857174,0.0013595725176855922,0.921538233757019,0.13438823819160461,0.06270609050989151,0
bottle,DoRA_ControlNet,0.38,7.0,0.024154476821422577,0.0013978134375065565,0.912524938583374,0.1333354264497757,0.0634811669588089,0
bottle,DoRA_ControlNet,0.38,7.0,0.023753268644213676,0.001281714765354991,0.9175491333007812,0.13216960430145264,0.04981796070933342,0
bottle,DoRA_ControlNet,0.38,7.0,0.02344188652932644,0.001367512159049511,0.9294888973236084,0.11874032765626907,0.09797103703022003,0
bottle,DoRA_ControlNet,0.38,7.0,0.023755397647619247,0.0013009326066821814,0.9180546998977661,0.1426154375076294,0.055504679679870605,0
bottle,DoRA_ControlNet,0.38,7.0,0.022815121337771416,0.0012752882903441787,0.9195142984390259,0.13993801176548004,0.09004683792591095,0
bottle,DoRA_ControlNet,0.38,7.0,0.023245325312018394,0.001277882605791092,0.9243557453155518,0.12525641918182373,0.06407022476196289,0
bottle,DoRA_ControlNet,0.38,7.0,0.02390807867050171,0.0013337701093405485,0.9133744239807129,0.13199760019779205,0.04083947092294693,0
bottle,DoRA_ControlNet,0.38,7.0,0.02379600703716278,0.0013958965428173542,0.9161016941070557,0.13402952253818512,0.11366638541221619,0
bottle,DoRA_ControlNet,0.38,7.0,0.024392303079366684,0.0014232243411242962,0.9263755679130554,0.13239306211471558,0.06111201271414757,0
bottle,DoRA_ControlNet,0.38,7.0,0.02300991117954254,0.0012606526724994183,0.9206938743591309,0.13357649743556976,0.079779252409935,0
bottle,DoRA_ControlNet,0.38,7.0,0.02401569113135338,0.0014030461898073554,0.9241548776626587,0.1368953138589859,0.07490414381027222,0
bottle,DoRA_ControlNet,0.38,7.0,0.022984659299254417,0.001300704199820757,0.9274808168411255,0.13494935631752014,0.08635945618152618,0
bottle,DoRA_ControlNet,0.38,7.0,0.022536523640155792,0.0011325431987643242,0.9205892086029053,0.13628485798835754,0.034914739429950714,0
bottle,DoRA_ControlNet,0.38,7.0,0.022869229316711426,0.0013201921246945858,0.9271639585494995,0.1315237283706665,0.08778048306703568,0
bottle,DoRA_ControlNet,0.4,5.5,0.025641005486249924,0.001652150647714734,0.8923799395561218,0.17983518540859222,0.06412360072135925,1
bottle,DoRA_ControlNet,0.4,5.5,0.02557530254125595,0.0016801031306385994,0.9000028967857361,0.17266196012496948,0.11420818418264389,1
bottle,DoRA_ControlNet,0.4,5.5,0.025217464193701744,0.001491084462031722,0.8841315507888794,0.18884754180908203,0.05724694952368736,1
bottle,DoRA_ControlNet,0.4,5.5,0.0253065787255764,0.001450392184779048,0.888231635093689,0.22024723887443542,0.06631439179182053,1
bottle,DoRA_ControlNet,0.4,5.5,0.025259127840399742,0.0017802229849621654,0.9106035232543945,0.14252698421478271,0.08282878249883652,1
bottle,DoRA_ControlNet,0.4,5.5,0.024739539250731468,0.0015549440868198872,0.9140709638595581,0.14759871363639832,0.06087981164455414,1
bottle,DoRA_ControlNet,0.4,5.5,0.025956403464078903,0.0017569049960002303,0.8854354619979858,0.19024887681007385,0.09419280290603638,1
bottle,DoRA_ControlNet,0.4,5.5,0.024619758129119873,0.0014656584244221449,0.8844189047813416,0.19023293256759644,0.06961331516504288,1
bottle,DoRA_ControlNet,0.4,5.5,0.02547469548881054,0.0017187066841870546,0.8991686105728149,0.17331959307193756,0.14143316447734833,1
bottle,DoRA_ControlNet,0.4,5.5,0.023523353040218353,0.001334256841801107,0.916296660900116,0.1478949934244156,0.08168860524892807,1
bottle,DoRA_ControlNet,0.4,5.5,0.023787520825862885,0.0013500433415174484,0.9087960124015808,0.1684911698102951,0.061021119356155396,1
bottle,DoRA_ControlNet,0.4,5.5,0.024475572630763054,0.001650652615353465,0.9040493369102478,0.15251854062080383,0.16015660762786865,1
bottle,DoRA_ControlNet,0.4,5.5,0.024089304730296135,0.0015664128586649895,0.9055790901184082,0.14791642129421234,0.0980520024895668,1
bottle,DoRA_ControlNet,0.4,5.5,0.025802671909332275,0.001672264188528061,0.8793694972991943,0.1761997938156128,0.043629974126815796,1
bottle,DoRA_ControlNet,0.4,5.5,0.02407791279256344,0.0015299617080017924,0.9203400611877441,0.14298447966575623,0.13188694417476654,1
bottle,DoRA_ControlNet,0.4,5.5,0.02463201805949211,0.0015798702370375395,0.9049336910247803,0.15532821416854858,0.08638372272253036,1
bottle,DoRA_ControlNet,0.4,5.5,0.025586586445569992,0.0017592390067875385,0.8969626426696777,0.17348554730415344,0.08639515936374664,1
bottle,DoRA_ControlNet,0.4,5.5,0.025757350027561188,0.0017525935545563698,0.8931161165237427,0.17425763607025146,0.08741015940904617,1
bottle,DoRA_ControlNet,0.4,5.5,0.0260542631149292,0.0018220848869532347,0.8961915969848633,0.17396512627601624,0.06531623005867004,1
bottle,DoRA_ControlNet,0.4,5.5,0.025258466601371765,0.0016103966627269983,0.8989433646202087,0.16340044140815735,0.08255539834499359,1
bottle,DoRA_ControlNet,0.4,5.5,0.023765485733747482,0.0014266216894611716,0.9152857661247253,0.1342216581106186,0.08586586266756058,1
bottle,DoRA_ControlNet,0.4,5.5,0.02432124875485897,0.00168510340154171,0.9177947044372559,0.1351405382156372,0.10288852453231812,1
bottle,DoRA_ControlNet,0.4,5.5,0.025233609601855278,0.0019862595945596695,0.9074329733848572,0.1426127552986145,0.26398393511772156,1
bottle,DoRA_ControlNet,0.4,5.5,0.024955131113529205,0.0018148047383874655,0.9094465970993042,0.15017858147621155,0.08954254537820816,1
bottle,DoRA_ControlNet,0.4,5.5,0.024489887058734894,0.0017397187184542418,0.920364260673523,0.1403518170118332,0.0911785215139389,1
bottle,DoRA_ControlNet,0.4,5.5,0.024021543562412262,0.001421228051185608,0.9144881963729858,0.14364269375801086,0.06474217027425766,1
bottle,DoRA_ControlNet,0.4,5.5,0.023579677566885948,0.001499802223406732,0.9186843633651733,0.1424761563539505,0.12368350476026535,1
bottle,DoRA_ControlNet,0.4,5.5,0.023484839126467705,0.0014508379390463233,0.9206201434135437,0.13016098737716675,0.1256445050239563,1
bottle,DoRA_ControlNet,0.4,5.5,0.024273470044136047,0.0014509789180010557,0.8988230228424072,0.15644055604934692,0.06884501874446869,1
bottle,DoRA_ControlNet,0.4,5.5,0.02389322780072689,0.0014536188682541251,0.9207755327224731,0.13681954145431519,0.08988261222839355,1
bottle,DoRA_ControlNet,0.4,5.5,0.02445947378873825,0.0016265170415863395,0.9219454526901245,0.13935977220535278,0.08338075876235962,1
bottle,DoRA_ControlNet,0.4,5.5,0.02265099063515663,0.0013119609793648124,0.9262073040008545,0.1361265629529953,0.061294082552194595,1
bottle,DoRA_ControlNet,0.4,5.5,0.024755775928497314,0.0017823863308876753,0.9112536311149597,0.14677751064300537,0.07385198771953583,1
bottle,DoRA_ControlNet,0.4,5.5,0.024101806804537773,0.001413788995705545,0.9096236228942871,0.1412607729434967,0.08120497316122055,1
bottle,DoRA_ControlNet,0.4,5.5,0.023793881759047508,0.0014420266961678863,0.9157792329788208,0.13335545361042023,0.10382341593503952,1
bottle,DoRA_ControlNet,0.4,5.5,0.02396739087998867,0.0014292987762019038,0.9091974496841431,0.1480734795331955,0.07099009305238724,1
bottle,DoRA_ControlNet,0.4,5.5,0.023047950118780136,0.0012705889530479908,0.9189115762710571,0.1417420208454132,0.0522661916911602,1
bottle,DoRA_ControlNet,0.4,5.5,0.025121940299868584,0.0017259109299629927,0.9113253355026245,0.14696188271045685,0.07804393768310547,1
bottle,DoRA_ControlNet,0.4,5.5,0.025472864508628845,0.002047882415354252,0.912104070186615,0.14617405831813812,0.2704983949661255,1
bottle,DoRA_ControlNet,0.4,5.5,0.023757364600896835,0.0013997433707118034,0.9106819033622742,0.14219386875629425,0.09845449775457382,1
bottle,DoRA_ControlNet,0.4,5.5,0.02389303222298622,0.001551319262944162,0.912305474281311,0.1443621814250946,0.1481030285358429,1
bottle,DoRA_ControlNet,0.4,5.5,0.02420867793262005,0.001506756991147995,0.9209645986557007,0.13715964555740356,0.07969111949205399,1
bottle,DoRA_ControlNet,0.4,5.5,0.023129984736442566,0.0011770169949159026,0.9022125601768494,0.1591821163892746,0.06689078360795975,1
bottle,DoRA_ControlNet,0.4,5.5,0.02238943800330162,0.0010758654680103064,0.9082894325256348,0.14738281071186066,0.0538279227912426,1
bottle,DoRA_ControlNet,0.4,5.5,0.02389327809214592,0.001361343078315258,0.9131118059158325,0.14334248006343842,0.08675021678209305,1
bottle,DoRA_ControlNet,0.4,5.5,0.023175247013568878,0.0013188915327191353,0.9145631790161133,0.1413189321756363,0.06302918493747711,1
bottle,DoRA_ControlNet,0.4,5.5,0.023116467520594597,0.001206621527671814,0.9226182699203491,0.13734808564186096,0.03247817978262901,1
bottle,DoRA_ControlNet,0.4,5.5,0.028264205902814865,0.001860976917669177,0.8692271113395691,0.16891059279441833,0.08744489401578903,1
bottle,DoRA_ControlNet,0.4,5.5,0.02688341960310936,0.001585138961672783,0.8875190615653992,0.15984293818473816,0.044764865189790726,1
bottle,DoRA_ControlNet,0.4,5.5,0.026516733691096306,0.0018313716864213347,0.8937355279922485,0.16423475742340088,0.09134629368782043,1
bottle,DoRA_ControlNet,0.4,5.5,0.02292572520673275,0.0011153811356052756,0.8959996700286865,0.15038886666297913,0.0881977528333664,1
bottle,DoRA_ControlNet,0.4,5.5,0.02311040833592415,0.0011833281023427844,0.908713698387146,0.145565003156662,0.06770303845405579,1
bottle,DoRA_ControlNet,0.4,5.5,0.026075061410665512,0.0013888166286051273,0.8831858038902283,0.14492204785346985,0.033510722219944,1
bottle,DoRA_ControlNet,0.4,5.5,0.024722103029489517,0.0013631486799567938,0.904309868812561,0.15630356967449188,0.057310283184051514,1
bottle,DoRA_ControlNet,0.4,5.5,0.02635207399725914,0.0015606814995408058,0.8926330804824829,0.1488354653120041,0.12588007748126984,1
bottle,DoRA_ControlNet,0.4,5.5,0.02470526099205017,0.0013500005006790161,0.9083551168441772,0.15387068688869476,0.06216336414217949,1
bottle,DoRA_ControlNet,0.4,5.5,0.023622943088412285,0.0013558085775002837,0.9136664867401123,0.14027900993824005,0.10342341661453247,1
bottle,DoRA_ControlNet,0.4,5.5,0.024105973541736603,0.0012931395322084427,0.9029505252838135,0.14777922630310059,0.042642660439014435,1
bottle,DoRA_ControlNet,0.4,5.5,0.02566688507795334,0.0016191065078601241,0.9044387340545654,0.1397019773721695,0.13287675380706787,1
bottle,DoRA_ControlNet,0.4,5.5,0.025997944176197052,0.001663103699684143,0.8949286937713623,0.16451239585876465,0.07734658569097519,1
bottle,DoRA_ControlNet,0.4,5.5,0.02452841028571129,0.0017992181237787008,0.9212283492088318,0.1372666209936142,0.2256051003932953,1
bottle,DoRA_ControlNet,0.4,5.5,0.023486075922846794,0.0013507595285773277,0.9119927883148193,0.13914155960083008,0.09645195305347443,1
bottle,DoRA_ControlNet,0.4,5.5,0.025551900267601013,0.0014483419945463538,0.8947283625602722,0.15518850088119507,0.062293827533721924,1
bottle,DoRA_ControlNet,0.4,5.5,0.0233516376465559,0.0013339355355128646,0.9187301397323608,0.1364147663116455,0.052970197051763535,0
bottle,DoRA_ControlNet,0.4,5.5,0.02253848873078823,0.001187426270917058,0.9293261766433716,0.1349954903125763,0.09248298406600952,0
bottle,DoRA_ControlNet,0.4,5.5,0.02456977590918541,0.0015191631391644478,0.9148330688476562,0.1284886598587036,0.08933959156274796,0
bottle,DoRA_ControlNet,0.4,5.5,0.022906560450792313,0.0012596205342561007,0.9267101287841797,0.1271570920944214,0.09911618381738663,0
bottle,DoRA_ControlNet,0.4,5.5,0.022161928936839104,0.0011025079293176532,0.9273875951766968,0.13118533790111542,0.04384748265147209,0
bottle,DoRA_ControlNet,0.4,5.5,0.02326809987425804,0.0013512143632397056,0.9220811128616333,0.1335282325744629,0.06755166500806808,0
bottle,DoRA_ControlNet,0.4,5.5,0.024255141615867615,0.0014213882386684418,0.9114440679550171,0.1330491006374359,0.06415421515703201,0
bottle,DoRA_ControlNet,0.4,5.5,0.02376505732536316,0.0012935849372297525,0.9171388149261475,0.13076719641685486,0.0506436750292778,0
bottle,DoRA_ControlNet,0.4,5.5,0.023383935913443565,0.001376699423417449,0.9296051859855652,0.11930540204048157,0.09885406494140625,0
bottle,DoRA_ControlNet,0.4,5.5,0.023564230650663376,0.0012845901073887944,0.9207299947738647,0.1383608728647232,0.05429498851299286,0
bottle,DoRA_ControlNet,0.4,5.5,0.022581925615668297,0.0012596565065905452,0.9207230806350708,0.13722950220108032,0.09371858090162277,0
bottle,DoRA_ControlNet,0.4,5.5,0.023237179964780807,0.0012897764099761844,0.9238245487213135,0.12545913457870483,0.06573662906885147,0
bottle,DoRA_ControlNet,0.4,5.5,0.023859282955527306,0.001339745707809925,0.9139713644981384,0.1327906847000122,0.04267551004886627,0
bottle,DoRA_ControlNet,0.4,5.5,0.023629670962691307,0.001388912438414991,0.9170982241630554,0.13240927457809448,0.11402810364961624,0
bottle,DoRA_ControlNet,0.4,5.5,0.024421539157629013,0.001429507858119905,0.9265726804733276,0.13000226020812988,0.06075536459684372,0
bottle,DoRA_ControlNet,0.4,5.5,0.02302662841975689,0.0012714569456875324,0.9208817481994629,0.13388146460056305,0.08444879204034805,0
bottle,DoRA_ControlNet,0.4,5.5,0.02395237609744072,0.0013958567287772894,0.9244567155838013,0.13572601974010468,0.07649388164281845,0
bottle,DoRA_ControlNet,0.4,5.5,0.022941410541534424,0.0013050216948613524,0.9279754161834717,0.13219547271728516,0.08666062355041504,0
bottle,DoRA_ControlNet,0.4,5.5,0.02249649167060852,0.0011321189813315868,0.9207005500793457,0.13571402430534363,0.0369143933057785,0
bottle,DoRA_ControlNet,0.4,5.5,0.022798877209424973,0.001323601696640253,0.9273432493209839,0.13048678636550903,0.09408808499574661,0
bottle,DoRA_ControlNet,0.4,6.0,0.02588619850575924,0.0016913330182433128,0.8897799849510193,0.1807907223701477,0.0641336515545845,1
bottle,DoRA_ControlNet,0.4,6.0,0.02582744136452675,0.0017161502037197351,0.898105800151825,0.17303358018398285,0.11528491973876953,1
bottle,DoRA_ControlNet,0.4,6.0,0.025536533445119858,0.0015254908939823508,0.8820004463195801,0.1901930570602417,0.05778265371918678,1
bottle,DoRA_ControlNet,0.4,6.0,0.025643955916166306,0.0014861472882330418,0.8854243159294128,0.22170545160770416,0.06626433879137039,1
bottle,DoRA_ControlNet,0.4,6.0,0.0255611352622509,0.0018198145553469658,0.9092234969139099,0.1431839019060135,0.08427545428276062,1
bottle,DoRA_ControlNet,0.4,6.0,0.025020521134138107,0.0015847701579332352,0.9125638008117676,0.14917267858982086,0.061374202370643616,1
bottle,DoRA_ControlNet,0.4,6.0,0.026218093931674957,0.0017949661705642939,0.8830870389938354,0.19100217521190643,0.09331704676151276,1
bottle,DoRA_ControlNet,0.4,6.0,0.0248971339315176,0.001501833088696003,0.8821523189544678,0.19158302247524261,0.0687313824892044,1
bottle,DoRA_ControlNet,0.4,6.0,0.025776460766792297,0.001757217338308692,0.8971298933029175,0.17400017380714417,0.14399245381355286,1
bottle,DoRA_ControlNet,0.4,6.0,0.023747116327285767,0.0013601839309558272,0.9150958061218262,0.1487935185432434,0.08254964649677277,1
bottle,DoRA_ControlNet,0.4,6.0,0.024061914533376694,0.0013804349582642317,0.9066700339317322,0.169419065117836,0.06311530619859695,1
bottle,DoRA_ControlNet,0.4,6.0,0.024799466133117676,0.0016879849135875702,0.9024128913879395,0.15335580706596375,0.1619756519794464,1
bottle,DoRA_ControlNet,0.4,6.0,0.02431570552289486,0.001589768915437162,0.9041175842285156,0.1487995684146881,0.0980662852525711,1
bottle,DoRA_ControlNet,0.4,6.0,0.026084523648023605,0.0017049899324774742,0.8772239089012146,0.17649555206298828,0.04458249732851982,1
bottle,DoRA_ControlNet,0.4,6.0,0.024325840175151825,0.001562675228342414,0.9190521240234375,0.14347116649150848,0.13326682150363922,1
bottle,DoRA_ControlNet,0.4,6.0,0.024919895455241203,0.0016148267313838005,0.9028658866882324,0.1562814563512802,0.08797553926706314,1
bottle,DoRA_ControlNet,0.4,6.0,0.025872226804494858,0.0017973193898797035,0.894781768321991,0.174421489238739,0.08690056204795837,1
bottle,DoRA_ControlNet,0.4,6.0,0.026130346581339836,0.001798585057258606,0.8905274271965027,0.17541879415512085,0.08770936727523804,1
bottle,DoRA_ControlNet,0.4,6.0,0.026314664632081985,0.0018577955197542906,0.8946108222007751,0.17508819699287415,0.0660516545176506,1
bottle,DoRA_ControlNet,0.4,6.0,0.025517292320728302,0.00164237420540303,0.8967308402061462,0.16531676054000854,0.08493607491254807,1
bottle,DoRA_ControlNet,0.4,6.0,0.023991335183382034,0.0014568918850272894,0.9138182401657104,0.1352546513080597,0.08881039917469025,1
bottle,DoRA_ControlNet,0.4,6.0,0.024559391662478447,0.001718726009130478,0.9160922765731812,0.13578654825687408,0.10472044348716736,1
bottle,DoRA_ControlNet,0.4,6.0,0.02545361965894699,0.0020197846461087465,0.9059877395629883,0.14340898394584656,0.2692914307117462,1
bottle,DoRA_ControlNet,0.4,6.0,0.025144539773464203,0.0018337098881602287,0.9083229303359985,0.15037062764167786,0.08872368931770325,1
bottle,DoRA_ControlNet,0.4,6.0,0.02472672425210476,0.0017677968135103583,0.9187926054000854,0.14135058224201202,0.09211048483848572,1
bottle,DoRA_ControlNet,0.4,6.0,0.024274196475744247,0.0014555444940924644,0.9125105738639832,0.14471466839313507,0.06584973633289337,1
bottle,DoRA_ControlNet,0.4,6.0,0.02380426973104477,0.0015247545670717955,0.9173295497894287,0.14259177446365356,0.12441323697566986,1
bottle,DoRA_ControlNet,0.4,6.0,0.023752447217702866,0.0014834811445325613,0.9188765287399292,0.13068056106567383,0.12730835378170013,1
bottle,DoRA_ControlNet,0.4,6.0,0.024556919932365417,0.001481694052927196,0.8973042368888855,0.1573416143655777,0.06938441097736359,1
bottle,DoRA_ControlNet,0.4,6.0,0.024155672639608383,0.0014846611302345991,0.919223964214325,0.13831016421318054,0.09034920483827591,1
bottle,DoRA_ControlNet,0.4,6.0,0.0247572623193264,0.00166979618370533,0.9200114011764526,0.1406826227903366,0.08742161095142365,1
bottle,DoRA_ControlNet,0.4,6.0,0.022909846156835556,0.0013405410572886467,0.924733579158783,0.13638663291931152,0.06014614924788475,1
bottle,DoRA_ControlNet,0.4,6.0,0.02494867518544197,0.0018138833111152053,0.9096972346305847,0.14754004776477814,0.07582878321409225,1
bottle,DoRA_ControlNet,0.4,6.0,0.02444089576601982,0.001451205462217331,0.9075011014938354,0.14289507269859314,0.08147365599870682,1
bottle,DoRA_ControlNet,0.4,6.0,0.024055851623415947,0.0014715713914483786,0.9143080711364746,0.13428956270217896,0.10291890054941177,1
bottle,DoRA_ControlNet,0.4,6.0,0.02413627877831459,0.0014486797153949738,0.9082314968109131,0.14844369888305664,0.07109691202640533,1
bottle,DoRA_ControlNet,0.4,6.0,0.02339985966682434,0.001315586268901825,0.9163800477981567,0.14249373972415924,0.05342928692698479,1
bottle,DoRA_ControlNet,0.4,6.0,0.02543937787413597,0.0017662111204117537,0.9090777635574341,0.1480560302734375,0.0793546587228775,1
bottle,DoRA_ControlNet,0.4,6.0,0.025754891335964203,0.0020904168486595154,0.9105956554412842,0.1465044915676117,0.28137558698654175,1
bottle,DoRA_ControlNet,0.4,6.0,0.02405054122209549,0.0014340969501063228,0.9088775515556335,0.14278748631477356,0.09719562530517578,1
bottle,DoRA_ControlNet,0.4,6.0,0.024132560938596725,0.001581372576765716,0.9108184576034546,0.14488376677036285,0.15030887722969055,1
bottle,DoRA_ControlNet,0.4,6.0,0.024469783529639244,0.0015393511857837439,0.9196566343307495,0.1380142867565155,0.08180475234985352,1
bottle,DoRA_ControlNet,0.4,6.0,0.023339644074440002,0.0012035488616675138,0.9004487991333008,0.16096267104148865,0.067345030605793,1
bottle,DoRA_ControlNet,0.4,6.0,0.022652849555015564,0.0010990123264491558,0.9067405462265015,0.14884653687477112,0.05435830354690552,1
bottle,DoRA_ControlNet,0.4,6.0,0.02417273446917534,0.0013930581044405699,0.911734938621521,0.14446808397769928,0.08742007613182068,1
bottle,DoRA_ControlNet,0.4,6.0,0.023450054228305817,0.0013509574346244335,0.9125005602836609,0.14162328839302063,0.06364593654870987,1
bottle,DoRA_ControlNet,0.4,6.0,0.02342502400279045,0.0012400189880281687,0.9206783175468445,0.13870519399642944,0.03236651048064232,1
bottle,DoRA_ControlNet,0.4,6.0,0.028522495180368423,0.001901008072309196,0.8667492866516113,0.17118224501609802,0.09071869403123856,1
bottle,DoRA_ControlNet,0.4,6.0,0.027059074491262436,0.0016069504199549556,0.8867000341415405,0.1603003740310669,0.04580799862742424,1
bottle,DoRA_ControlNet,0.4,6.0,0.02674812823534012,0.0018711851444095373,0.892292857170105,0.16622710227966309,0.0921160876750946,1
bottle,DoRA_ControlNet,0.4,6.0,0.023170923814177513,0.0011452606413513422,0.8937351703643799,0.15186895430088043,0.0889245793223381,1
bottle,DoRA_ControlNet,0.4,6.0,0.023431457579135895,0.0012171848211437464,0.9068365097045898,0.1459890902042389,0.06953497231006622,1
bottle,DoRA_ControlNet,0.4,6.0,0.026423096656799316,0.001429330324754119,0.8805804252624512,0.1471426784992218,0.03345407173037529,1
bottle,DoRA_ControlNet,0.4,6.0,0.025002500042319298,0.001396626583300531,0.9026921987533569,0.15771396458148956,0.05760055035352707,1
bottle,DoRA_ControlNet,0.4,6.0,0.026704911142587662,0.001599958399310708,0.8903766870498657,0.15009796619415283,0.12901514768600464,1
bottle,DoRA_ControlNet,0.4,6.0,0.02502267062664032,0.0013915746239945292,0.9059225916862488,0.1547926664352417,0.06345438212156296,1
bottle,DoRA_ControlNet,0.4,6.0,0.023789912462234497,0.0013811951503157616,0.9123204946517944,0.14077740907669067,0.10423474758863449,1
bottle,DoRA_ControlNet,0.4,6.0,0.024401821196079254,0.0013267677277326584,0.9007072448730469,0.14855170249938965,0.043231140822172165,1
bottle,DoRA_ControlNet,0.4,6.0,0.025867313146591187,0.0016524526290595531,0.9029958248138428,0.1397932469844818,0.1372489631175995,1
bottle,DoRA_ControlNet,0.4,6.0,0.02639530599117279,0.001716163707897067,0.8925895094871521,0.16560979187488556,0.07763607800006866,1
bottle,DoRA_ControlNet,0.4,6.0,0.024863069877028465,0.0018419153057038784,0.9195461273193359,0.1377922147512436,0.22930410504341125,1
bottle,DoRA_ControlNet,0.4,6.0,0.02383085899055004,0.001390515360981226,0.9097663760185242,0.13975925743579865,0.09831569343805313,1
bottle,DoRA_ControlNet,0.4,6.0,0.02577897720038891,0.0014758784091100097,0.893277645111084,0.15586307644844055,0.06357896327972412,1
bottle,DoRA_ControlNet,0.4,6.0,0.02367115393280983,0.0013729261700063944,0.9166712760925293,0.1365392655134201,0.05346039682626724,0
bottle,DoRA_ControlNet,0.4,6.0,0.02281157486140728,0.0012145119253546,0.9276692867279053,0.13524310290813446,0.0932367593050003,0
bottle,DoRA_ControlNet,0.4,6.0,0.02479499951004982,0.0015467600896954536,0.9132866263389587,0.12961192429065704,0.09101207554340363,0
bottle,DoRA_ControlNet,0.4,6.0,0.023181123659014702,0.0012935376726090908,0.9243011474609375,0.1283172369003296,0.10060746222734451,0
bottle,DoRA_ControlNet,0.4,6.0,0.02247740887105465,0.0011309157125651836,0.9257320165634155,0.1323278546333313,0.04416022077202797,0
bottle,DoRA_ControlNet,0.4,6.0,0.02360343188047409,0.0013898997567594051,0.9200096130371094,0.13367585837841034,0.06807959824800491,0
bottle,DoRA_ControlNet,0.4,6.0,0.024530332535505295,0.00145037192851305,0.9098244905471802,0.1337304413318634,0.06541076302528381,0
bottle,DoRA_ControlNet,0.4,6.0,0.024034760892391205,0.0013208560412749648,0.9156332015991211,0.131219744682312,0.051555536687374115,0
bottle,DoRA_ControlNet,0.4,6.0,0.02368824928998947,0.0014110705815255642,0.9279157519340515,0.11991967260837555,0.10061508417129517,0
bottle,DoRA_ControlNet,0.4,6.0,0.02395021542906761,0.0013250415213406086,0.9181588888168335,0.14015889167785645,0.055191412568092346,0
bottle,DoRA_ControlNet,0.4,6.0,0.02290794812142849,0.0012920638546347618,0.9187421202659607,0.13863587379455566,0.09839649498462677,0
bottle,DoRA_ControlNet,0.4,6.0,0.023511406034231186,0.0013190697645768523,0.9221526384353638,0.1259985715150833,0.06646708399057388,0
bottle,DoRA_ControlNet,0.4,6.0,0.024119405075907707,0.00136775232385844,0.9122376441955566,0.13301649689674377,0.04332756623625755,0
bottle,DoRA_ControlNet,0.4,6.0,0.023911505937576294,0.0014216117560863495,0.9154064059257507,0.13295449316501617,0.12043808400630951,0
bottle,DoRA_ControlNet,0.4,6.0,0.024747520685195923,0.0014646839117631316,0.9248296618461609,0.1316511482000351,0.06210927292704582,0
bottle,DoRA_ControlNet,0.4,6.0,0.02326018176972866,0.0013019460020586848,0.9191254377365112,0.1346052587032318,0.08492819219827652,0
bottle,DoRA_ControlNet,0.4,6.0,0.024202603846788406,0.00143287586979568,0.9226567149162292,0.13661357760429382,0.07738249748945236,0
bottle,DoRA_ControlNet,0.4,6.0,0.02316410467028618,0.001331048901192844,0.9266728162765503,0.13317731022834778,0.08900168538093567,0
bottle,DoRA_ControlNet,0.4,6.0,0.022765643894672394,0.0011632256209850311,0.9188030958175659,0.1370890885591507,0.038101088255643845,0
bottle,DoRA_ControlNet,0.4,6.0,0.023013999685645103,0.0013515155296772718,0.9257771372795105,0.1318013072013855,0.09464535117149353,0
bottle,DoRA_ControlNet,0.4,6.5,0.026140335947275162,0.0017275873105973005,0.887377917766571,0.18113450706005096,0.06380533427000046,1
bottle,DoRA_ControlNet,0.4,6.5,0.02609398029744625,0.0017535330262035131,0.8960957527160645,0.17340844869613647,0.11662580817937851,1
bottle,DoRA_ControlNet,0.4,6.5,0.025766458362340927,0.0015486929332837462,0.8802018165588379,0.19140447676181793,0.05851294845342636,1
bottle,DoRA_ControlNet,0.4,6.5,0.025966769084334373,0.0015233096200972795,0.8826543688774109,0.22329682111740112,0.06630797684192657,1
bottle,DoRA_ControlNet,0.4,6.5,0.02581864222884178,0.0018563889898359776,0.9080613851547241,0.14380928874015808,0.08547260612249374,1
bottle,DoRA_ControlNet,0.4,6.5,0.025294309481978416,0.0016172155737876892,0.9108896255493164,0.1506844460964203,0.06230378895998001,1
bottle,DoRA_ControlNet,0.4,6.5,0.02653360925614834,0.0018377560190856457,0.8804721832275391,0.19187822937965393,0.09260621666908264,1
bottle,DoRA_ControlNet,0.4,6.5,0.02515515312552452,0.0015358737437054515,0.8801255226135254,0.19215847551822662,0.06767953932285309,1
bottle,DoRA_ControlNet,0.4,6.5,0.026108287274837494,0.001800202066078782,0.8948736190795898,0.17507804930210114,0.14676712453365326,1
bottle,DoRA_ControlNet,0.4,6.5,0.02399488352239132,0.001386470627039671,0.913844108581543,0.1495174765586853,0.08268114179372787,1
bottle,DoRA_ControlNet,0.4,6.5,0.024318695068359375,0.0014112511416897178,0.904326856136322,0.17035214602947235,0.06510987877845764,1
bottle,DoRA_ControlNet,0.4,6.5,0.025102876126766205,0.0017302132910117507,0.9004858732223511,0.15398502349853516,0.164739727973938,1
bottle,DoRA_ControlNet,0.4,6.5,0.024541577324271202,0.0016143012326210737,0.9024633765220642,0.14940184354782104,0.10010059177875519,1
bottle,DoRA_ControlNet,0.4,6.5,0.026356250047683716,0.0017368961125612259,0.8750491142272949,0.17701813578605652,0.04573230445384979,1
bottle,DoRA_ControlNet,0.4,6.5,0.024556901305913925,0.001596151851117611,0.9176611304283142,0.14442625641822815,0.13453994691371918,1
bottle,DoRA_ControlNet,0.4,6.5,0.025222670286893845,0.0016504200175404549,0.9005894064903259,0.15727344155311584,0.08944203704595566,1
bottle,DoRA_ControlNet,0.4,6.5,0.026148896664381027,0.0018366738222539425,0.892693042755127,0.17537721991539001,0.0872265100479126,1
bottle,DoRA_ControlNet,0.4,6.5,0.02642967365682125,0.0018436567625030875,0.8879274725914001,0.17688626050949097,0.08788970112800598,1
bottle,DoRA_ControlNet,0.4,6.5,0.026560908183455467,0.001891397638246417,0.8930743932723999,0.1762605607509613,0.06658773124217987,1
bottle,DoRA_ControlNet,0.4,6.5,0.02580711804330349,0.0016730658244341612,0.8945940732955933,0.1669643223285675,0.08700248599052429,1
bottle,DoRA_ControlNet,0.4,6.5,0.02431711181998253,0.0014925714349374175,0.9119377136230469,0.13663457334041595,0.09148334711790085,1
bottle,DoRA_ControlNet,0.4,6.5,0.02476394735276699,0.0017482213443145156,0.9146614074707031,0.13594642281532288,0.10632172971963882,1
bottle,DoRA_ControlNet,0.4,6.5,0.02569175325334072,0.002051138784736395,0.9046244025230408,0.14446145296096802,0.27198517322540283,1
bottle,DoRA_ControlNet,0.4,6.5,0.025345362722873688,0.0018579743336886168,0.9072017669677734,0.15106293559074402,0.08711189031600952,1
bottle,DoRA_ControlNet,0.4,6.5,0.02495858632028103,0.0017950324108824134,0.9170991778373718,0.14292316138744354,0.09360810369253159,1
bottle,DoRA_ControlNet,0.4,6.5,0.024567466229200363,0.0014927443116903305,0.910197913646698,0.14654189348220825,0.06681983172893524,1
bottle,DoRA_ControlNet,0.4,6.5,0.0239991694688797,0.0015478944405913353,0.9160372018814087,0.14300528168678284,0.1250247210264206,1
bottle,DoRA_ControlNet,0.4,6.5,0.023980973288416862,0.0015136738074943423,0.9172811508178711,0.131267711520195,0.12874892354011536,1
bottle,DoRA_ControlNet,0.4,6.5,0.024768676608800888,0.0015120822936296463,0.8956453800201416,0.1585015505552292,0.07126716524362564,1
bottle,DoRA_ControlNet,0.4,6.5,0.024452384561300278,0.0015153323765844107,0.9174976348876953,0.13983497023582458,0.09143044054508209,1
bottle,DoRA_ControlNet,0.4,6.5,0.025073856115341187,0.00171371060423553,0.9180183410644531,0.14175501465797424,0.09162097424268723,1
bottle,DoRA_ControlNet,0.4,6.5,0.023137714713811874,0.0013699575792998075,0.9231404066085815,0.13713796436786652,0.0588512122631073,1
bottle,DoRA_ControlNet,0.4,6.5,0.02517005056142807,0.0018486985936760902,0.9079535007476807,0.14845465123653412,0.07796929031610489,1
bottle,DoRA_ControlNet,0.4,6.5,0.024800151586532593,0.0014897370710968971,0.9054747819900513,0.14323440194129944,0.0818517804145813,1
bottle,DoRA_ControlNet,0.4,6.5,0.024275964125990868,0.0014988845214247704,0.9129307270050049,0.135641410946846,0.102231964468956,1
bottle,DoRA_ControlNet,0.4,6.5,0.02438512071967125,0.0014794403687119484,0.9067369699478149,0.14877773821353912,0.07123909890651703,1
bottle,DoRA_ControlNet,0.4,6.5,0.023776058107614517,0.0013633666094392538,0.9136122465133667,0.14501512050628662,0.05584857985377312,1
bottle,DoRA_ControlNet,0.4,6.5,0.02580280229449272,0.0018129164818674326,0.9066208600997925,0.1498090624809265,0.08026506006717682,1
bottle,DoRA_ControlNet,0.4,6.5,0.026050886139273643,0.0021404954604804516,0.908916175365448,0.1476588249206543,0.29095691442489624,1
bottle,DoRA_ControlNet,0.4,6.5,0.024304568767547607,0.0014697923325002193,0.9071550369262695,0.14309287071228027,0.09637100249528885,1
bottle,DoRA_ControlNet,0.4,6.5,0.02435060404241085,0.0016131559386849403,0.9093927145004272,0.145565003156662,0.15330757200717926,1
bottle,DoRA_ControlNet,0.4,6.5,0.0246957428753376,0.0015698333736509085,0.9183475971221924,0.13929004967212677,0.0845685750246048,1
bottle,DoRA_ControlNet,0.4,6.5,0.02359292283654213,0.0012347041629254818,0.8981975317001343,0.1629270315170288,0.06812376528978348,1
bottle,DoRA_ControlNet,0.4,6.5,0.022883202880620956,0.0011245085624977946,0.9051012992858887,0.15032073855400085,0.05572923272848129,1
bottle,DoRA_ControlNet,0.4,6.5,0.024487515911459923,0.0014264177298173308,0.9100700616836548,0.14518460631370544,0.08836032450199127,1
bottle,DoRA_ControlNet,0.4,6.5,0.023727213963866234,0.0013814996927976608,0.9104728102684021,0.14228349924087524,0.06417694687843323,1
bottle,DoRA_ControlNet,0.4,6.5,0.02370183728635311,0.0012723994441330433,0.918818473815918,0.13918830454349518,0.03223146125674248,1
bottle,DoRA_ControlNet,0.4,6.5,0.02878791093826294,0.0019443556666374207,0.8639822006225586,0.1738666296005249,0.09375292807817459,1
bottle,DoRA_ControlNet,0.4,6.5,0.027211908251047134,0.0016277552349492908,0.8860000371932983,0.16079017519950867,0.04653983935713768,1
bottle,DoRA_ControlNet,0.4,6.5,0.027018290013074875,0.0019121839432045817,0.8911638259887695,0.16705438494682312,0.09325186908245087,1
bottle,DoRA_ControlNet,0.4,6.5,0.023412268608808517,0.0011752101127058268,0.8914474844932556,0.15287739038467407,0.08917731046676636,1
bottle,DoRA_ControlNet,0.4,6.5,0.023775747045874596,0.0012583036441355944,0.9045703411102295,0.14677336812019348,0.07194720953702927,1
bottle,DoRA_ControlNet,0.4,6.5,0.02675560489296913,0.0014725200599059463,0.8776084184646606,0.1494886577129364,0.03400565683841705,1
bottle,DoRA_ControlNet,0.4,6.5,0.02528422884643078,0.0014301532646641135,0.9008520841598511,0.15922178328037262,0.05816296115517616,1
bottle,DoRA_ControlNet,0.4,6.5,0.027011245489120483,0.0016402692999690771,0.8878511190414429,0.1514291614294052,0.1311892718076706,1
bottle,DoRA_ControlNet,0.4,6.5,0.025351855903863907,0.0014342967187985778,0.9036461710929871,0.15555287897586823,0.06417212635278702,1
bottle,DoRA_ControlNet,0.4,6.5,0.024074465036392212,0.001412266748957336,0.9106675386428833,0.14167273044586182,0.10483726859092712,1
bottle,DoRA_ControlNet,0.4,6.5,0.0247145127505064,0.0013618608936667442,0.8983432650566101,0.1493542492389679,0.043452441692352295,1
bottle,DoRA_ControlNet,0.4,6.5,0.02613290771842003,0.0016878539463505149,0.9014862775802612,0.13951775431632996,0.14197972416877747,1
bottle,DoRA_ControlNet,0.4,6.5,0.026804467663168907,0.001772334799170494,0.8898272514343262,0.16692975163459778,0.07779544591903687,1
bottle,DoRA_ControlNet,0.4,6.5,0.02513968013226986,0.0018860128475353122,0.9178532361984253,0.13890817761421204,0.23380766808986664,1
bottle,DoRA_ControlNet,0.4,6.5,0.02416401356458664,0.0014338307082653046,0.907153308391571,0.1410260796546936,0.09936000406742096,1
bottle,DoRA_ControlNet,0.4,6.5,0.02604592964053154,0.0015039154095575213,0.8917273879051208,0.15610234439373016,0.06495939195156097,1
bottle,DoRA_ControlNet,0.4,6.5,0.024008167907595634,0.00141626363620162,0.9142643809318542,0.1375262439250946,0.05458337813615799,0
bottle,DoRA_ControlNet,0.4,6.5,0.023054007440805435,0.0012442920124158263,0.925900936126709,0.13675753772258759,0.09428528696298599,0
bottle,DoRA_ControlNet,0.4,6.5,0.025090228766202927,0.00157893355935812,0.9115015864372253,0.1308659464120865,0.0933341532945633,0
bottle,DoRA_ControlNet,0.4,6.5,0.023522764444351196,0.0013312448281794786,0.9218405485153198,0.12964117527008057,0.10230440646409988,0
bottle,DoRA_ControlNet,0.4,6.5,0.0227518193423748,0.0011594404932111502,0.9239818453788757,0.13353076577186584,0.04472275823354721,0
bottle,DoRA_ControlNet,0.4,6.5,0.02400018833577633,0.0014349515549838543,0.9174167513847351,0.13510413467884064,0.06922752410173416,0
bottle,DoRA_ControlNet,0.4,6.5,0.024780532345175743,0.0014802906662225723,0.9080905914306641,0.13442766666412354,0.06677041202783585,0
bottle,DoRA_ControlNet,0.4,6.5,0.02427264116704464,0.001347620040178299,0.9139937162399292,0.13227587938308716,0.05268322303891182,0
bottle,DoRA_ControlNet,0.4,6.5,0.02395501360297203,0.0014414375182241201,0.9263378977775574,0.12089455127716064,0.10111173987388611,0
bottle,DoRA_ControlNet,0.4,6.5,0.02424374781548977,0.001363030867651105,0.9156526923179626,0.14236558973789215,0.05605423077940941,0
bottle,DoRA_ControlNet,0.4,6.5,0.023186370730400085,0.0013269869377836585,0.9166358709335327,0.1407720148563385,0.10287408530712128,0
bottle,DoRA_ControlNet,0.4,6.5,0.023753641173243523,0.0013481973437592387,0.920608639717102,0.12648460268974304,0.06707744300365448,0
bottle,DoRA_ControlNet,0.4,6.5,0.024387191981077194,0.0013952146982774138,0.910373330116272,0.1334470808506012,0.044294871389865875,0
bottle,DoRA_ControlNet,0.4,6.5,0.024205338209867477,0.00145995884668082,0.9134460687637329,0.13370096683502197,0.12644919753074646,0
bottle,DoRA_ControlNet,0.4,6.5,0.02505890093743801,0.0014994940720498562,0.9229270219802856,0.13349339365959167,0.06340420991182327,0
bottle,DoRA_ControlNet,0.4,6.5,0.023479027673602104,0.001330758212134242,0.9174782633781433,0.13501355051994324,0.0849132388830185,0
bottle,DoRA_ControlNet,0.4,6.5,0.024475883692502975,0.0014718833845108747,0.9208218455314636,0.1375710815191269,0.07781136780977249,0
bottle,DoRA_ControlNet,0.4,6.5,0.02337908372282982,0.0013566487468779087,0.9252705574035645,0.1339358389377594,0.09041234850883484,0
bottle,DoRA_ControlNet,0.4,6.5,0.023031722754240036,0.0011943724239245057,0.916822612285614,0.13810184597969055,0.03926602751016617,0
bottle,DoRA_ControlNet,0.4,6.5,0.023298636078834534,0.001380479196086526,0.9241930842399597,0.133142352104187,0.09481454640626907,0
bottle,DoRA_ControlNet,0.4,7.0,0.026388660073280334,0.001762552885338664,0.8853162527084351,0.18176807463169098,0.06517373770475388,1
bottle,DoRA_ControlNet,0.4,7.0,0.026312312111258507,0.0017903968691825867,0.8941349387168884,0.17417912185192108,0.11702346056699753,1
bottle,DoRA_ControlNet,0.4,7.0,0.026068013161420822,0.0015824015717953444,0.8779176473617554,0.19372959434986115,0.05922962725162506,1
bottle,DoRA_ControlNet,0.4,7.0,0.026249218732118607,0.0015607875538989902,0.8799701929092407,0.22531408071517944,0.06688784807920456,1
bottle,DoRA_ControlNet,0.4,7.0,0.026121053844690323,0.001898905960842967,0.9066801071166992,0.1454942673444748,0.08718911558389664,1
bottle,DoRA_ControlNet,0.4,7.0,0.02559719607234001,0.0016512194415554404,0.9093114733695984,0.151942640542984,0.06303337216377258,1
bottle,DoRA_ControlNet,0.4,7.0,0.026845037937164307,0.001883956603705883,0.8773530721664429,0.19354012608528137,0.0924554243683815,1
bottle,DoRA_ControlNet,0.4,7.0,0.02540675178170204,0.0015700336080044508,0.8779984712600708,0.19300784170627594,0.06639896333217621,1
bottle,DoRA_ControlNet,0.4,7.0,0.026415875181555748,0.00184163311496377,0.8927477598190308,0.17591425776481628,0.14943797886371613,1
bottle,DoRA_ControlNet,0.4,7.0,0.024265393614768982,0.0014160801656544209,0.9124190211296082,0.1506895124912262,0.0830889493227005,1
bottle,DoRA_ControlNet,0.4,7.0,0.024601474404335022,0.0014446964487433434,0.901983916759491,0.17148324847221375,0.06707251816987991,1
bottle,DoRA_ControlNet,0.4,7.0,0.025395940989255905,0.001769975759088993,0.8986884355545044,0.1551232933998108,0.1658921092748642,1
bottle,DoRA_ControlNet,0.4,7.0,0.024807695299386978,0.001642331713810563,0.9007470607757568,0.15026889741420746,0.1031905934214592,1
bottle,DoRA_ControlNet,0.4,7.0,0.026608964428305626,0.00176908983848989,0.8729168772697449,0.1777072697877884,0.046736475080251694,1
bottle,DoRA_ControlNet,0.4,7.0,0.02486628107726574,0.0016363775357604027,0.9160127639770508,0.14573726058006287,0.13557855784893036,1
bottle,DoRA_ControlNet,0.4,7.0,0.025584502145648003,0.0016929835546761751,0.8981548547744751,0.1588238626718521,0.09111228585243225,1
bottle,DoRA_ControlNet,0.4,7.0,0.02647315338253975,0.0018789377063512802,0.8904423117637634,0.17629298567771912,0.08779600262641907,1
bottle,DoRA_ControlNet,0.4,7.0,0.026827504858374596,0.0018960790475830436,0.8849069476127625,0.17818227410316467,0.08847489207983017,1
bottle,DoRA_ControlNet,0.4,7.0,0.02685226872563362,0.0019292955985292792,0.8914758563041687,0.1778721809387207,0.06730896234512329,1
bottle,DoRA_ControlNet,0.4,7.0,0.026019467040896416,0.0017018176149576902,0.8925420045852661,0.16806955635547638,0.08873474597930908,1
bottle,DoRA_ControlNet,0.4,7.0,0.024624772369861603,0.0015271941665560007,0.9099270701408386,0.13793271780014038,0.09399804472923279,1
bottle,DoRA_ControlNet,0.4,7.0,0.02501581609249115,0.0017842355882748961,0.9128991961479187,0.13678684830665588,0.10815182328224182,1
bottle,DoRA_ControlNet,0.4,7.0,0.025905106216669083,0.0020828666165471077,0.9034467935562134,0.14478835463523865,0.27518996596336365,1
bottle,DoRA_ControlNet,0.4,7.0,0.02555597387254238,0.0018802739214152098,0.9061007499694824,0.15122456848621368,0.08591629564762115,1
bottle,DoRA_ControlNet,0.4,7.0,0.025271296501159668,0.0018296808702871203,0.9146952629089355,0.1449585258960724,0.09484235942363739,1
bottle,DoRA_ControlNet,0.4,7.0,0.024816736578941345,0.0015268292045220733,0.908039927482605,0.14845004677772522,0.06773176044225693,1
bottle,DoRA_ControlNet,0.4,7.0,0.02424176037311554,0.001573511166498065,0.9146355390548706,0.14349320530891418,0.12536868453025818,1
bottle,DoRA_ControlNet,0.4,7.0,0.02425341121852398,0.0015463270246982574,0.9154245853424072,0.13206997513771057,0.12970663607120514,1
bottle,DoRA_ControlNet,0.4,7.0,0.025033345445990562,0.0015443083830177784,0.893787145614624,0.1591978669166565,0.07240019738674164,1
bottle,DoRA_ControlNet,0.4,7.0,0.024761050939559937,0.0015504969051107764,0.9156212210655212,0.14157746732234955,0.09244730323553085,1
bottle,DoRA_ControlNet,0.4,7.0,0.02541765198111534,0.0017617885023355484,0.9159672260284424,0.143149733543396,0.09562478959560394,1
bottle,DoRA_ControlNet,0.4,7.0,0.023353882133960724,0.001400708919391036,0.9213573336601257,0.13798433542251587,0.0582725889980793,1
bottle,DoRA_ControlNet,0.4,7.0,0.025380026549100876,0.001882290467619896,0.9062945246696472,0.14942093193531036,0.07967793941497803,1
bottle,DoRA_ControlNet,0.4,7.0,0.025178587064146996,0.0015348824672400951,0.9029623866081238,0.14480051398277283,0.0827803686261177,1
bottle,DoRA_ControlNet,0.4,7.0,0.024584947153925896,0.0015339597593992949,0.9112154841423035,0.13717983663082123,0.10214199870824814,1
bottle,DoRA_ControlNet,0.4,7.0,0.02465229481458664,0.0015083837788552046,0.9052078723907471,0.14931556582450867,0.07150468975305557,1
bottle,DoRA_ControlNet,0.4,7.0,0.024099191650748253,0.0014076897641643882,0.9111413955688477,0.14595240354537964,0.057278912514448166,1
bottle,DoRA_ControlNet,0.4,7.0,0.026187539100646973,0.0018587125232443213,0.9041426181793213,0.15098117291927338,0.08114659786224365,1
bottle,DoRA_ControlNet,0.4,7.0,0.026325738057494164,0.0021890057250857353,0.9073514342308044,0.1481635868549347,0.299397736787796,1
bottle,DoRA_ControlNet,0.4,7.0,0.024616118520498276,0.0015087230131030083,0.9052842855453491,0.14397121965885162,0.09570220112800598,1
bottle,DoRA_ControlNet,0.4,7.0,0.024618420749902725,0.0016490109264850616,0.9077998995780945,0.1461971402168274,0.15690502524375916,1
bottle,DoRA_ControlNet,0.4,7.0,0.02498023770749569,0.0016054986044764519,0.9167585372924805,0.14040258526802063,0.08700496703386307,1
bottle,DoRA_ControlNet,0.4,7.0,0.023958120495080948,0.0012713659089058638,0.8955680727958679,0.16436809301376343,0.06912824511528015,1
bottle,DoRA_ControlNet,0.4,7.0,0.023084750398993492,0.0011481347028166056,0.9036478400230408,0.1515318751335144,0.05673658475279808,1
bottle,DoRA_ControlNet,0.4,7.0,0.02479473501443863,0.0014642588794231415,0.9083697199821472,0.14590595662593842,0.08931118994951248,1
bottle,DoRA_ControlNet,0.4,7.0,0.02405068650841713,0.001411457429639995,0.908411979675293,0.143422931432724,0.0649523138999939,1
bottle,DoRA_ControlNet,0.4,7.0,0.0240235086530447,0.0013078483752906322,0.9168704748153687,0.14107047021389008,0.032381221652030945,1
bottle,DoRA_ControlNet,0.4,7.0,0.029103677719831467,0.001989644253626466,0.8611181974411011,0.1755390763282776,0.09674590826034546,1
bottle,DoRA_ControlNet,0.4,7.0,0.02742782235145569,0.0016555882757529616,0.8848559856414795,0.16121742129325867,0.04765496775507927,1
bottle,DoRA_ControlNet,0.4,7.0,0.02735907956957817,0.001962491078302264,0.8887783288955688,0.16951553523540497,0.09424018114805222,1
bottle,DoRA_ControlNet,0.4,7.0,0.023719828575849533,0.0012087319046258926,0.8889999389648438,0.15447282791137695,0.08925221115350723,1
bottle,DoRA_ControlNet,0.4,7.0,0.024130061268806458,0.001300273695960641,0.9023575782775879,0.14810121059417725,0.074012391269207,1
bottle,DoRA_ControlNet,0.4,7.0,0.02711690030992031,0.0015123093035072088,0.8750735521316528,0.15178421139717102,0.034225944429636,1
bottle,DoRA_ControlNet,0.4,7.0,0.02556384727358818,0.0014640064910054207,0.898896336555481,0.1611526757478714,0.05848442763090134,1
bottle,DoRA_ControlNet,0.4,7.0,0.0273105651140213,0.0016765067121014,0.885797381401062,0.15240731835365295,0.13401107490062714,1
bottle,DoRA_ControlNet,0.4,7.0,0.025626806542277336,0.0014807324623689055,0.9011168479919434,0.15705913305282593,0.06539767980575562,1
bottle,DoRA_ControlNet,0.4,7.0,0.024360772222280502,0.0014448555884882808,0.9091123938560486,0.14317387342453003,0.10546591132879257,1
bottle,DoRA_ControlNet,0.4,7.0,0.024992071092128754,0.001397223910316825,0.8958388566970825,0.15086303651332855,0.043908651918172836,1
bottle,DoRA_ControlNet,0.4,7.0,0.026344284415245056,0.0017249365337193012,0.8996540904045105,0.14076828956604004,0.14689312875270844,1
bottle,DoRA_ControlNet,0.4,7.0,0.02723059058189392,0.0018335486529394984,0.8865011930465698,0.16855841875076294,0.0782996341586113,1
bottle,DoRA_ControlNet,0.4,7.0,0.025395121425390244,0.0019283852307125926,0.9162477254867554,0.13968457281589508,0.24031631648540497,1
bottle,DoRA_ControlNet,0.4,7.0,0.02447892725467682,0.0014790846034884453,0.9043750762939453,0.14325806498527527,0.10138651728630066,1
bottle,DoRA_ControlNet,0.4,7.0,0.026349332183599472,0.001536533934995532,0.8901888728141785,0.15629397332668304,0.06702890247106552,1
bottle,DoRA_ControlNet,0.4,7.0,0.02433587983250618,0.0014620304573327303,0.9116576910018921,0.13857612013816833,0.05603192746639252,0
bottle,DoRA_ControlNet,0.4,7.0,0.02336796186864376,0.0012732225004583597,0.9242817163467407,0.13726037740707397,0.09509970992803574,0
bottle,DoRA_ControlNet,0.4,7.0,0.025308212265372276,0.0016071454156190157,0.9098900556564331,0.1319660097360611,0.09540735930204391,0
bottle,DoRA_ControlNet,0.4,7.0,0.023823868483304977,0.0013683335855603218,0.9201650619506836,0.12999293208122253,0.10380979627370834,0
bottle,DoRA_ControlNet,0.4,7.0,0.02311621606349945,0.0011916225776076317,0.9220198392868042,0.13447938859462738,0.045576758682727814,0
bottle,DoRA_ControlNet,0.4,7.0,0.024459516629576683,0.0014831291045993567,0.9144996404647827,0.13689519464969635,0.07015692442655563,0
bottle,DoRA_ControlNet,0.4,7.0,0.02513037994503975,0.001515593845397234,0.9061472415924072,0.1351763904094696,0.06758596748113632,0
bottle,DoRA_ControlNet,0.4,7.0,0.02456950768828392,0.001374542247503996,0.912329375743866,0.1332438886165619,0.053450409322977066,0
bottle,DoRA_ControlNet,0.4,7.0,0.024272195994853973,0.001479079481214285,0.924467921257019,0.12185736000537872,0.10281530767679214,0
bottle,DoRA_ControlNet,0.4,7.0,0.02460293471813202,0.001404446898959577,0.9129734039306641,0.14437580108642578,0.05755220353603363,0
bottle,DoRA_ControlNet,0.4,7.0,0.02349991165101528,0.0013631908223032951,0.9143208265304565,0.14175371825695038,0.10752934217453003,0
bottle,DoRA_ControlNet,0.4,7.0,0.024087166413664818,0.0013817594153806567,0.9187347888946533,0.1275647133588791,0.06747613102197647,0
bottle,DoRA_ControlNet,0.4,7.0,0.024651218205690384,0.001421549590304494,0.9086610078811646,0.13340558111667633,0.04491079971194267,0
bottle,DoRA_ControlNet,0.4,7.0,0.02450333535671234,0.001496781944297254,0.9114809036254883,0.13472291827201843,0.13238947093486786,0
bottle,DoRA_ControlNet,0.4,7.0,0.025410935282707214,0.0015376389492303133,0.920839250087738,0.13474443554878235,0.06489565223455429,0
bottle,DoRA_ControlNet,0.4,7.0,0.02373475208878517,0.0013621024554595351,0.9157004356384277,0.13564646244049072,0.08495985716581345,0
bottle,DoRA_ControlNet,0.4,7.0,0.024777447804808617,0.001511225476861,0.9189903140068054,0.1383049339056015,0.0785951241850853,0
bottle,DoRA_ControlNet,0.4,7.0,0.023683596402406693,0.001389089971780777,0.9232993125915527,0.13692307472229004,0.09334567189216614,0
bottle,DoRA_ControlNet,0.4,7.0,0.023297064006328583,0.001226247870363295,0.9149166345596313,0.13923253118991852,0.04033786058425903,0
bottle,DoRA_ControlNet,0.4,7.0,0.02355002425611019,0.0014114275109022856,0.9225198030471802,0.13456615805625916,0.09560509026050568,0
bottle,DoRA_ControlNet,0.42,5.5,0.025641005486249924,0.001652150647714734,0.8923799395561218,0.17983518540859222,0.06412360072135925,1
bottle,DoRA_ControlNet,0.42,5.5,0.02557530254125595,0.0016801031306385994,0.9000028967857361,0.17266196012496948,0.11420818418264389,1
bottle,DoRA_ControlNet,0.42,5.5,0.025217464193701744,0.001491084462031722,0.8841315507888794,0.18884754180908203,0.05724694952368736,1
bottle,DoRA_ControlNet,0.42,5.5,0.0253065787255764,0.001450392184779048,0.888231635093689,0.22024723887443542,0.06631439179182053,1
bottle,DoRA_ControlNet,0.42,5.5,0.025259127840399742,0.0017802229849621654,0.9106035232543945,0.14252698421478271,0.08282878249883652,1
bottle,DoRA_ControlNet,0.42,5.5,0.024739539250731468,0.0015549440868198872,0.9140709638595581,0.14759871363639832,0.06087981164455414,1
bottle,DoRA_ControlNet,0.42,5.5,0.025956403464078903,0.0017569049960002303,0.8854354619979858,0.19024887681007385,0.09419280290603638,1
bottle,DoRA_ControlNet,0.42,5.5,0.024619758129119873,0.0014656584244221449,0.8844189047813416,0.19023293256759644,0.06961331516504288,1
bottle,DoRA_ControlNet,0.42,5.5,0.02547469548881054,0.0017187066841870546,0.8991686105728149,0.17331959307193756,0.14143316447734833,1
bottle,DoRA_ControlNet,0.42,5.5,0.023523353040218353,0.001334256841801107,0.916296660900116,0.1478949934244156,0.08168860524892807,1
bottle,DoRA_ControlNet,0.42,5.5,0.023787520825862885,0.0013500433415174484,0.9087960124015808,0.1684911698102951,0.061021119356155396,1
bottle,DoRA_ControlNet,0.42,5.5,0.024475572630763054,0.001650652615353465,0.9040493369102478,0.15251854062080383,0.16015660762786865,1
bottle,DoRA_ControlNet,0.42,5.5,0.024089304730296135,0.0015664128586649895,0.9055790901184082,0.14791642129421234,0.0980520024895668,1
bottle,DoRA_ControlNet,0.42,5.5,0.025802671909332275,0.001672264188528061,0.8793694972991943,0.1761997938156128,0.043629974126815796,1
bottle,DoRA_ControlNet,0.42,5.5,0.02407791279256344,0.0015299617080017924,0.9203400611877441,0.14298447966575623,0.13188694417476654,1
bottle,DoRA_ControlNet,0.42,5.5,0.02463201805949211,0.0015798702370375395,0.9049336910247803,0.15532821416854858,0.08638372272253036,1
bottle,DoRA_ControlNet,0.42,5.5,0.025586586445569992,0.0017592390067875385,0.8969626426696777,0.17348554730415344,0.08639515936374664,1
bottle,DoRA_ControlNet,0.42,5.5,0.025757350027561188,0.0017525935545563698,0.8931161165237427,0.17425763607025146,0.08741015940904617,1
bottle,DoRA_ControlNet,0.42,5.5,0.0260542631149292,0.0018220848869532347,0.8961915969848633,0.17396512627601624,0.06531623005867004,1
bottle,DoRA_ControlNet,0.42,5.5,0.025258466601371765,0.0016103966627269983,0.8989433646202087,0.16340044140815735,0.08255539834499359,1
bottle,DoRA_ControlNet,0.42,5.5,0.023765485733747482,0.0014266216894611716,0.9152857661247253,0.1342216581106186,0.08586586266756058,1
bottle,DoRA_ControlNet,0.42,5.5,0.02432124875485897,0.00168510340154171,0.9177947044372559,0.1351405382156372,0.10288852453231812,1
bottle,DoRA_ControlNet,0.42,5.5,0.025233609601855278,0.0019862595945596695,0.9074329733848572,0.1426127552986145,0.26398393511772156,1
bottle,DoRA_ControlNet,0.42,5.5,0.024955131113529205,0.0018148047383874655,0.9094465970993042,0.15017858147621155,0.08954254537820816,1
bottle,DoRA_ControlNet,0.42,5.5,0.024489887058734894,0.0017397187184542418,0.920364260673523,0.1403518170118332,0.0911785215139389,1
bottle,DoRA_ControlNet,0.42,5.5,0.024021543562412262,0.001421228051185608,0.9144881963729858,0.14364269375801086,0.06474217027425766,1
bottle,DoRA_ControlNet,0.42,5.5,0.023579677566885948,0.001499802223406732,0.9186843633651733,0.1424761563539505,0.12368350476026535,1
bottle,DoRA_ControlNet,0.42,5.5,0.023484839126467705,0.0014508379390463233,0.9206201434135437,0.13016098737716675,0.1256445050239563,1
bottle,DoRA_ControlNet,0.42,5.5,0.024273470044136047,0.0014509789180010557,0.8988230228424072,0.15644055604934692,0.06884501874446869,1
bottle,DoRA_ControlNet,0.42,5.5,0.02389322780072689,0.0014536188682541251,0.9207755327224731,0.13681954145431519,0.08988261222839355,1
bottle,DoRA_ControlNet,0.42,5.5,0.02445947378873825,0.0016265170415863395,0.9219454526901245,0.13935977220535278,0.08338075876235962,1
bottle,DoRA_ControlNet,0.42,5.5,0.02265099063515663,0.0013119609793648124,0.9262073040008545,0.1361265629529953,0.061294082552194595,1
bottle,DoRA_ControlNet,0.42,5.5,0.024755775928497314,0.0017823863308876753,0.9112536311149597,0.14677751064300537,0.07385198771953583,1
bottle,DoRA_ControlNet,0.42,5.5,0.024101806804537773,0.001413788995705545,0.9096236228942871,0.1412607729434967,0.08120497316122055,1
bottle,DoRA_ControlNet,0.42,5.5,0.023793881759047508,0.0014420266961678863,0.9157792329788208,0.13335545361042023,0.10382341593503952,1
bottle,DoRA_ControlNet,0.42,5.5,0.02396739087998867,0.0014292987762019038,0.9091974496841431,0.1480734795331955,0.07099009305238724,1
bottle,DoRA_ControlNet,0.42,5.5,0.023047950118780136,0.0012705889530479908,0.9189115762710571,0.1417420208454132,0.0522661916911602,1
bottle,DoRA_ControlNet,0.42,5.5,0.025121940299868584,0.0017259109299629927,0.9113253355026245,0.14696188271045685,0.07804393768310547,1
bottle,DoRA_ControlNet,0.42,5.5,0.025472864508628845,0.002047882415354252,0.912104070186615,0.14617405831813812,0.2704983949661255,1
bottle,DoRA_ControlNet,0.42,5.5,0.023757364600896835,0.0013997433707118034,0.9106819033622742,0.14219386875629425,0.09845449775457382,1
bottle,DoRA_ControlNet,0.42,5.5,0.02389303222298622,0.001551319262944162,0.912305474281311,0.1443621814250946,0.1481030285358429,1
bottle,DoRA_ControlNet,0.42,5.5,0.02420867793262005,0.001506756991147995,0.9209645986557007,0.13715964555740356,0.07969111949205399,1
bottle,DoRA_ControlNet,0.42,5.5,0.023129984736442566,0.0011770169949159026,0.9022125601768494,0.1591821163892746,0.06689078360795975,1
bottle,DoRA_ControlNet,0.42,5.5,0.02238943800330162,0.0010758654680103064,0.9082894325256348,0.14738281071186066,0.0538279227912426,1
bottle,DoRA_ControlNet,0.42,5.5,0.02389327809214592,0.001361343078315258,0.9131118059158325,0.14334248006343842,0.08675021678209305,1
bottle,DoRA_ControlNet,0.42,5.5,0.023175247013568878,0.0013188915327191353,0.9145631790161133,0.1413189321756363,0.06302918493747711,1
bottle,DoRA_ControlNet,0.42,5.5,0.023116467520594597,0.001206621527671814,0.9226182699203491,0.13734808564186096,0.03247817978262901,1
bottle,DoRA_ControlNet,0.42,5.5,0.028264205902814865,0.001860976917669177,0.8692271113395691,0.16891059279441833,0.08744489401578903,1
bottle,DoRA_ControlNet,0.42,5.5,0.02688341960310936,0.001585138961672783,0.8875190615653992,0.15984293818473816,0.044764865189790726,1
bottle,DoRA_ControlNet,0.42,5.5,0.026516733691096306,0.0018313716864213347,0.8937355279922485,0.16423475742340088,0.09134629368782043,1
bottle,DoRA_ControlNet,0.42,5.5,0.02292572520673275,0.0011153811356052756,0.8959996700286865,0.15038886666297913,0.0881977528333664,1
bottle,DoRA_ControlNet,0.42,5.5,0.02311040833592415,0.0011833281023427844,0.908713698387146,0.145565003156662,0.06770303845405579,1
bottle,DoRA_ControlNet,0.42,5.5,0.026075061410665512,0.0013888166286051273,0.8831858038902283,0.14492204785346985,0.033510722219944,1
bottle,DoRA_ControlNet,0.42,5.5,0.024722103029489517,0.0013631486799567938,0.904309868812561,0.15630356967449188,0.057310283184051514,1
bottle,DoRA_ControlNet,0.42,5.5,0.02635207399725914,0.0015606814995408058,0.8926330804824829,0.1488354653120041,0.12588007748126984,1
bottle,DoRA_ControlNet,0.42,5.5,0.02470526099205017,0.0013500005006790161,0.9083551168441772,0.15387068688869476,0.06216336414217949,1
bottle,DoRA_ControlNet,0.42,5.5,0.023622943088412285,0.0013558085775002837,0.9136664867401123,0.14027900993824005,0.10342341661453247,1
bottle,DoRA_ControlNet,0.42,5.5,0.024105973541736603,0.0012931395322084427,0.9029505252838135,0.14777922630310059,0.042642660439014435,1
bottle,DoRA_ControlNet,0.42,5.5,0.02566688507795334,0.0016191065078601241,0.9044387340545654,0.1397019773721695,0.13287675380706787,1
bottle,DoRA_ControlNet,0.42,5.5,0.025997944176197052,0.001663103699684143,0.8949286937713623,0.16451239585876465,0.07734658569097519,1
bottle,DoRA_ControlNet,0.42,5.5,0.02452841028571129,0.0017992181237787008,0.9212283492088318,0.1372666209936142,0.2256051003932953,1
bottle,DoRA_ControlNet,0.42,5.5,0.023486075922846794,0.0013507595285773277,0.9119927883148193,0.13914155960083008,0.09645195305347443,1
bottle,DoRA_ControlNet,0.42,5.5,0.025551900267601013,0.0014483419945463538,0.8947283625602722,0.15518850088119507,0.062293827533721924,1
bottle,DoRA_ControlNet,0.42,5.5,0.0233516376465559,0.0013339355355128646,0.9187301397323608,0.1364147663116455,0.052970197051763535,0
bottle,DoRA_ControlNet,0.42,5.5,0.02253848873078823,0.001187426270917058,0.9293261766433716,0.1349954903125763,0.09248298406600952,0
bottle,DoRA_ControlNet,0.42,5.5,0.02456977590918541,0.0015191631391644478,0.9148330688476562,0.1284886598587036,0.08933959156274796,0
bottle,DoRA_ControlNet,0.42,5.5,0.022906560450792313,0.0012596205342561007,0.9267101287841797,0.1271570920944214,0.09911618381738663,0
bottle,DoRA_ControlNet,0.42,5.5,0.022161928936839104,0.0011025079293176532,0.9273875951766968,0.13118533790111542,0.04384748265147209,0
bottle,DoRA_ControlNet,0.42,5.5,0.02326809987425804,0.0013512143632397056,0.9220811128616333,0.1335282325744629,0.06755166500806808,0
bottle,DoRA_ControlNet,0.42,5.5,0.024255141615867615,0.0014213882386684418,0.9114440679550171,0.1330491006374359,0.06415421515703201,0
bottle,DoRA_ControlNet,0.42,5.5,0.02376505732536316,0.0012935849372297525,0.9171388149261475,0.13076719641685486,0.0506436750292778,0
bottle,DoRA_ControlNet,0.42,5.5,0.023383935913443565,0.001376699423417449,0.9296051859855652,0.11930540204048157,0.09885406494140625,0
bottle,DoRA_ControlNet,0.42,5.5,0.023564230650663376,0.0012845901073887944,0.9207299947738647,0.1383608728647232,0.05429498851299286,0
bottle,DoRA_ControlNet,0.42,5.5,0.022581925615668297,0.0012596565065905452,0.9207230806350708,0.13722950220108032,0.09371858090162277,0
bottle,DoRA_ControlNet,0.42,5.5,0.023237179964780807,0.0012897764099761844,0.9238245487213135,0.12545913457870483,0.06573662906885147,0
bottle,DoRA_ControlNet,0.42,5.5,0.023859282955527306,0.001339745707809925,0.9139713644981384,0.1327906847000122,0.04267551004886627,0
bottle,DoRA_ControlNet,0.42,5.5,0.023629670962691307,0.001388912438414991,0.9170982241630554,0.13240927457809448,0.11402810364961624,0
bottle,DoRA_ControlNet,0.42,5.5,0.024421539157629013,0.001429507858119905,0.9265726804733276,0.13000226020812988,0.06075536459684372,0
bottle,DoRA_ControlNet,0.42,5.5,0.02302662841975689,0.0012714569456875324,0.9208817481994629,0.13388146460056305,0.08444879204034805,0
bottle,DoRA_ControlNet,0.42,5.5,0.02395237609744072,0.0013958567287772894,0.9244567155838013,0.13572601974010468,0.07649388164281845,0
bottle,DoRA_ControlNet,0.42,5.5,0.022941410541534424,0.0013050216948613524,0.9279754161834717,0.13219547271728516,0.08666062355041504,0
bottle,DoRA_ControlNet,0.42,5.5,0.02249649167060852,0.0011321189813315868,0.9207005500793457,0.13571402430534363,0.0369143933057785,0
bottle,DoRA_ControlNet,0.42,5.5,0.022798877209424973,0.001323601696640253,0.9273432493209839,0.13048678636550903,0.09408808499574661,0
bottle,DoRA_ControlNet,0.42,6.0,0.02588619850575924,0.0016913330182433128,0.8897799849510193,0.1807907223701477,0.0641336515545845,1
bottle,DoRA_ControlNet,0.42,6.0,0.02582744136452675,0.0017161502037197351,0.898105800151825,0.17303358018398285,0.11528491973876953,1
bottle,DoRA_ControlNet,0.42,6.0,0.025536533445119858,0.0015254908939823508,0.8820004463195801,0.1901930570602417,0.05778265371918678,1
bottle,DoRA_ControlNet,0.42,6.0,0.025643955916166306,0.0014861472882330418,0.8854243159294128,0.22170545160770416,0.06626433879137039,1
bottle,DoRA_ControlNet,0.42,6.0,0.0255611352622509,0.0018198145553469658,0.9092234969139099,0.1431839019060135,0.08427545428276062,1
bottle,DoRA_ControlNet,0.42,6.0,0.025020521134138107,0.0015847701579332352,0.9125638008117676,0.14917267858982086,0.061374202370643616,1
bottle,DoRA_ControlNet,0.42,6.0,0.026218093931674957,0.0017949661705642939,0.8830870389938354,0.19100217521190643,0.09331704676151276,1
bottle,DoRA_ControlNet,0.42,6.0,0.0248971339315176,0.001501833088696003,0.8821523189544678,0.19158302247524261,0.0687313824892044,1
bottle,DoRA_ControlNet,0.42,6.0,0.025776460766792297,0.001757217338308692,0.8971298933029175,0.17400017380714417,0.14399245381355286,1
bottle,DoRA_ControlNet,0.42,6.0,0.023747116327285767,0.0013601839309558272,0.9150958061218262,0.1487935185432434,0.08254964649677277,1
bottle,DoRA_ControlNet,0.42,6.0,0.024061914533376694,0.0013804349582642317,0.9066700339317322,0.169419065117836,0.06311530619859695,1
bottle,DoRA_ControlNet,0.42,6.0,0.024799466133117676,0.0016879849135875702,0.9024128913879395,0.15335580706596375,0.1619756519794464,1
bottle,DoRA_ControlNet,0.42,6.0,0.02431570552289486,0.001589768915437162,0.9041175842285156,0.1487995684146881,0.0980662852525711,1
bottle,DoRA_ControlNet,0.42,6.0,0.026084523648023605,0.0017049899324774742,0.8772239089012146,0.17649555206298828,0.04458249732851982,1
bottle,DoRA_ControlNet,0.42,6.0,0.024325840175151825,0.001562675228342414,0.9190521240234375,0.14347116649150848,0.13326682150363922,1
bottle,DoRA_ControlNet,0.42,6.0,0.024919895455241203,0.0016148267313838005,0.9028658866882324,0.1562814563512802,0.08797553926706314,1
bottle,DoRA_ControlNet,0.42,6.0,0.025872226804494858,0.0017973193898797035,0.894781768321991,0.174421489238739,0.08690056204795837,1
bottle,DoRA_ControlNet,0.42,6.0,0.026130346581339836,0.001798585057258606,0.8905274271965027,0.17541879415512085,0.08770936727523804,1
bottle,DoRA_ControlNet,0.42,6.0,0.026314664632081985,0.0018577955197542906,0.8946108222007751,0.17508819699287415,0.0660516545176506,1
bottle,DoRA_ControlNet,0.42,6.0,0.025517292320728302,0.00164237420540303,0.8967308402061462,0.16531676054000854,0.08493607491254807,1
bottle,DoRA_ControlNet,0.42,6.0,0.023991335183382034,0.0014568918850272894,0.9138182401657104,0.1352546513080597,0.08881039917469025,1
bottle,DoRA_ControlNet,0.42,6.0,0.024559391662478447,0.001718726009130478,0.9160922765731812,0.13578654825687408,0.10472044348716736,1
bottle,DoRA_ControlNet,0.42,6.0,0.02545361965894699,0.0020197846461087465,0.9059877395629883,0.14340898394584656,0.2692914307117462,1
bottle,DoRA_ControlNet,0.42,6.0,0.025144539773464203,0.0018337098881602287,0.9083229303359985,0.15037062764167786,0.08872368931770325,1
bottle,DoRA_ControlNet,0.42,6.0,0.02472672425210476,0.0017677968135103583,0.9187926054000854,0.14135058224201202,0.09211048483848572,1
bottle,DoRA_ControlNet,0.42,6.0,0.024274196475744247,0.0014555444940924644,0.9125105738639832,0.14471466839313507,0.06584973633289337,1
bottle,DoRA_ControlNet,0.42,6.0,0.02380426973104477,0.0015247545670717955,0.9173295497894287,0.14259177446365356,0.12441323697566986,1
bottle,DoRA_ControlNet,0.42,6.0,0.023752447217702866,0.0014834811445325613,0.9188765287399292,0.13068056106567383,0.12730835378170013,1
bottle,DoRA_ControlNet,0.42,6.0,0.024556919932365417,0.001481694052927196,0.8973042368888855,0.1573416143655777,0.06938441097736359,1
bottle,DoRA_ControlNet,0.42,6.0,0.024155672639608383,0.0014846611302345991,0.919223964214325,0.13831016421318054,0.09034920483827591,1
bottle,DoRA_ControlNet,0.42,6.0,0.0247572623193264,0.00166979618370533,0.9200114011764526,0.1406826227903366,0.08742161095142365,1
bottle,DoRA_ControlNet,0.42,6.0,0.022909846156835556,0.0013405410572886467,0.924733579158783,0.13638663291931152,0.06014614924788475,1
bottle,DoRA_ControlNet,0.42,6.0,0.02494867518544197,0.0018138833111152053,0.9096972346305847,0.14754004776477814,0.07582878321409225,1
bottle,DoRA_ControlNet,0.42,6.0,0.02444089576601982,0.001451205462217331,0.9075011014938354,0.14289507269859314,0.08147365599870682,1
bottle,DoRA_ControlNet,0.42,6.0,0.024055851623415947,0.0014715713914483786,0.9143080711364746,0.13428956270217896,0.10291890054941177,1
bottle,DoRA_ControlNet,0.42,6.0,0.02413627877831459,0.0014486797153949738,0.9082314968109131,0.14844369888305664,0.07109691202640533,1
bottle,DoRA_ControlNet,0.42,6.0,0.02339985966682434,0.001315586268901825,0.9163800477981567,0.14249373972415924,0.05342928692698479,1
bottle,DoRA_ControlNet,0.42,6.0,0.02543937787413597,0.0017662111204117537,0.9090777635574341,0.1480560302734375,0.0793546587228775,1
bottle,DoRA_ControlNet,0.42,6.0,0.025754891335964203,0.0020904168486595154,0.9105956554412842,0.1465044915676117,0.28137558698654175,1
bottle,DoRA_ControlNet,0.42,6.0,0.02405054122209549,0.0014340969501063228,0.9088775515556335,0.14278748631477356,0.09719562530517578,1
bottle,DoRA_ControlNet,0.42,6.0,0.024132560938596725,0.001581372576765716,0.9108184576034546,0.14488376677036285,0.15030887722969055,1
bottle,DoRA_ControlNet,0.42,6.0,0.024469783529639244,0.0015393511857837439,0.9196566343307495,0.1380142867565155,0.08180475234985352,1
bottle,DoRA_ControlNet,0.42,6.0,0.023339644074440002,0.0012035488616675138,0.9004487991333008,0.16096267104148865,0.067345030605793,1
bottle,DoRA_ControlNet,0.42,6.0,0.022652849555015564,0.0010990123264491558,0.9067405462265015,0.14884653687477112,0.05435830354690552,1
bottle,DoRA_ControlNet,0.42,6.0,0.02417273446917534,0.0013930581044405699,0.911734938621521,0.14446808397769928,0.08742007613182068,1
bottle,DoRA_ControlNet,0.42,6.0,0.023450054228305817,0.0013509574346244335,0.9125005602836609,0.14162328839302063,0.06364593654870987,1
bottle,DoRA_ControlNet,0.42,6.0,0.02342502400279045,0.0012400189880281687,0.9206783175468445,0.13870519399642944,0.03236651048064232,1
bottle,DoRA_ControlNet,0.42,6.0,0.028522495180368423,0.001901008072309196,0.8667492866516113,0.17118224501609802,0.09071869403123856,1
bottle,DoRA_ControlNet,0.42,6.0,0.027059074491262436,0.0016069504199549556,0.8867000341415405,0.1603003740310669,0.04580799862742424,1
bottle,DoRA_ControlNet,0.42,6.0,0.02674812823534012,0.0018711851444095373,0.892292857170105,0.16622710227966309,0.0921160876750946,1
bottle,DoRA_ControlNet,0.42,6.0,0.023170923814177513,0.0011452606413513422,0.8937351703643799,0.15186895430088043,0.0889245793223381,1
bottle,DoRA_ControlNet,0.42,6.0,0.023431457579135895,0.0012171848211437464,0.9068365097045898,0.1459890902042389,0.06953497231006622,1
bottle,DoRA_ControlNet,0.42,6.0,0.026423096656799316,0.001429330324754119,0.8805804252624512,0.1471426784992218,0.03345407173037529,1
bottle,DoRA_ControlNet,0.42,6.0,0.025002500042319298,0.001396626583300531,0.9026921987533569,0.15771396458148956,0.05760055035352707,1
bottle,DoRA_ControlNet,0.42,6.0,0.026704911142587662,0.001599958399310708,0.8903766870498657,0.15009796619415283,0.12901514768600464,1
bottle,DoRA_ControlNet,0.42,6.0,0.02502267062664032,0.0013915746239945292,0.9059225916862488,0.1547926664352417,0.06345438212156296,1
bottle,DoRA_ControlNet,0.42,6.0,0.023789912462234497,0.0013811951503157616,0.9123204946517944,0.14077740907669067,0.10423474758863449,1
bottle,DoRA_ControlNet,0.42,6.0,0.024401821196079254,0.0013267677277326584,0.9007072448730469,0.14855170249938965,0.043231140822172165,1
bottle,DoRA_ControlNet,0.42,6.0,0.025867313146591187,0.0016524526290595531,0.9029958248138428,0.1397932469844818,0.1372489631175995,1
bottle,DoRA_ControlNet,0.42,6.0,0.02639530599117279,0.001716163707897067,0.8925895094871521,0.16560979187488556,0.07763607800006866,1
bottle,DoRA_ControlNet,0.42,6.0,0.024863069877028465,0.0018419153057038784,0.9195461273193359,0.1377922147512436,0.22930410504341125,1
bottle,DoRA_ControlNet,0.42,6.0,0.02383085899055004,0.001390515360981226,0.9097663760185242,0.13975925743579865,0.09831569343805313,1
bottle,DoRA_ControlNet,0.42,6.0,0.02577897720038891,0.0014758784091100097,0.893277645111084,0.15586307644844055,0.06357896327972412,1
bottle,DoRA_ControlNet,0.42,6.0,0.02367115393280983,0.0013729261700063944,0.9166712760925293,0.1365392655134201,0.05346039682626724,0
bottle,DoRA_ControlNet,0.42,6.0,0.02281157486140728,0.0012145119253546,0.9276692867279053,0.13524310290813446,0.0932367593050003,0
bottle,DoRA_ControlNet,0.42,6.0,0.02479499951004982,0.0015467600896954536,0.9132866263389587,0.12961192429065704,0.09101207554340363,0
bottle,DoRA_ControlNet,0.42,6.0,0.023181123659014702,0.0012935376726090908,0.9243011474609375,0.1283172369003296,0.10060746222734451,0
bottle,DoRA_ControlNet,0.42,6.0,0.02247740887105465,0.0011309157125651836,0.9257320165634155,0.1323278546333313,0.04416022077202797,0
bottle,DoRA_ControlNet,0.42,6.0,0.02360343188047409,0.0013898997567594051,0.9200096130371094,0.13367585837841034,0.06807959824800491,0
bottle,DoRA_ControlNet,0.42,6.0,0.024530332535505295,0.00145037192851305,0.9098244905471802,0.1337304413318634,0.06541076302528381,0
bottle,DoRA_ControlNet,0.42,6.0,0.024034760892391205,0.0013208560412749648,0.9156332015991211,0.131219744682312,0.051555536687374115,0
bottle,DoRA_ControlNet,0.42,6.0,0.02368824928998947,0.0014110705815255642,0.9279157519340515,0.11991967260837555,0.10061508417129517,0
bottle,DoRA_ControlNet,0.42,6.0,0.02395021542906761,0.0013250415213406086,0.9181588888168335,0.14015889167785645,0.055191412568092346,0
bottle,DoRA_ControlNet,0.42,6.0,0.02290794812142849,0.0012920638546347618,0.9187421202659607,0.13863587379455566,0.09839649498462677,0
bottle,DoRA_ControlNet,0.42,6.0,0.023511406034231186,0.0013190697645768523,0.9221526384353638,0.1259985715150833,0.06646708399057388,0
bottle,DoRA_ControlNet,0.42,6.0,0.024119405075907707,0.00136775232385844,0.9122376441955566,0.13301649689674377,0.04332756623625755,0
bottle,DoRA_ControlNet,0.42,6.0,0.023911505937576294,0.0014216117560863495,0.9154064059257507,0.13295449316501617,0.12043808400630951,0
bottle,DoRA_ControlNet,0.42,6.0,0.024747520685195923,0.0014646839117631316,0.9248296618461609,0.1316511482000351,0.06210927292704582,0
bottle,DoRA_ControlNet,0.42,6.0,0.02326018176972866,0.0013019460020586848,0.9191254377365112,0.1346052587032318,0.08492819219827652,0
bottle,DoRA_ControlNet,0.42,6.0,0.024202603846788406,0.00143287586979568,0.9226567149162292,0.13661357760429382,0.07738249748945236,0
bottle,DoRA_ControlNet,0.42,6.0,0.02316410467028618,0.001331048901192844,0.9266728162765503,0.13317731022834778,0.08900168538093567,0
bottle,DoRA_ControlNet,0.42,6.0,0.022765643894672394,0.0011632256209850311,0.9188030958175659,0.1370890885591507,0.038101088255643845,0
bottle,DoRA_ControlNet,0.42,6.0,0.023013999685645103,0.0013515155296772718,0.9257771372795105,0.1318013072013855,0.09464535117149353,0
bottle,DoRA_ControlNet,0.42,6.5,0.026140335947275162,0.0017275873105973005,0.887377917766571,0.18113450706005096,0.06380533427000046,1
bottle,DoRA_ControlNet,0.42,6.5,0.02609398029744625,0.0017535330262035131,0.8960957527160645,0.17340844869613647,0.11662580817937851,1
bottle,DoRA_ControlNet,0.42,6.5,0.025766458362340927,0.0015486929332837462,0.8802018165588379,0.19140447676181793,0.05851294845342636,1
bottle,DoRA_ControlNet,0.42,6.5,0.025966769084334373,0.0015233096200972795,0.8826543688774109,0.22329682111740112,0.06630797684192657,1
bottle,DoRA_ControlNet,0.42,6.5,0.02581864222884178,0.0018563889898359776,0.9080613851547241,0.14380928874015808,0.08547260612249374,1
bottle,DoRA_ControlNet,0.42,6.5,0.025294309481978416,0.0016172155737876892,0.9108896255493164,0.1506844460964203,0.06230378895998001,1
bottle,DoRA_ControlNet,0.42,6.5,0.02653360925614834,0.0018377560190856457,0.8804721832275391,0.19187822937965393,0.09260621666908264,1
bottle,DoRA_ControlNet,0.42,6.5,0.02515515312552452,0.0015358737437054515,0.8801255226135254,0.19215847551822662,0.06767953932285309,1
bottle,DoRA_ControlNet,0.42,6.5,0.026108287274837494,0.001800202066078782,0.8948736190795898,0.17507804930210114,0.14676712453365326,1
bottle,DoRA_ControlNet,0.42,6.5,0.02399488352239132,0.001386470627039671,0.913844108581543,0.1495174765586853,0.08268114179372787,1
bottle,DoRA_ControlNet,0.42,6.5,0.024318695068359375,0.0014112511416897178,0.904326856136322,0.17035214602947235,0.06510987877845764,1
bottle,DoRA_ControlNet,0.42,6.5,0.025102876126766205,0.0017302132910117507,0.9004858732223511,0.15398502349853516,0.164739727973938,1
bottle,DoRA_ControlNet,0.42,6.5,0.024541577324271202,0.0016143012326210737,0.9024633765220642,0.14940184354782104,0.10010059177875519,1
bottle,DoRA_ControlNet,0.42,6.5,0.026356250047683716,0.0017368961125612259,0.8750491142272949,0.17701813578605652,0.04573230445384979,1
bottle,DoRA_ControlNet,0.42,6.5,0.024556901305913925,0.001596151851117611,0.9176611304283142,0.14442625641822815,0.13453994691371918,1
bottle,DoRA_ControlNet,0.42,6.5,0.025222670286893845,0.0016504200175404549,0.9005894064903259,0.15727344155311584,0.08944203704595566,1
bottle,DoRA_ControlNet,0.42,6.5,0.026148896664381027,0.0018366738222539425,0.892693042755127,0.17537721991539001,0.0872265100479126,1
bottle,DoRA_ControlNet,0.42,6.5,0.02642967365682125,0.0018436567625030875,0.8879274725914001,0.17688626050949097,0.08788970112800598,1
bottle,DoRA_ControlNet,0.42,6.5,0.026560908183455467,0.001891397638246417,0.8930743932723999,0.1762605607509613,0.06658773124217987,1
bottle,DoRA_ControlNet,0.42,6.5,0.02580711804330349,0.0016730658244341612,0.8945940732955933,0.1669643223285675,0.08700248599052429,1
bottle,DoRA_ControlNet,0.42,6.5,0.02431711181998253,0.0014925714349374175,0.9119377136230469,0.13663457334041595,0.09148334711790085,1
bottle,DoRA_ControlNet,0.42,6.5,0.02476394735276699,0.0017482213443145156,0.9146614074707031,0.13594642281532288,0.10632172971963882,1
bottle,DoRA_ControlNet,0.42,6.5,0.02569175325334072,0.002051138784736395,0.9046244025230408,0.14446145296096802,0.27198517322540283,1
bottle,DoRA_ControlNet,0.42,6.5,0.025345362722873688,0.0018579743336886168,0.9072017669677734,0.15106293559074402,0.08711189031600952,1
bottle,DoRA_ControlNet,0.42,6.5,0.02495858632028103,0.0017950324108824134,0.9170991778373718,0.14292316138744354,0.09360810369253159,1
bottle,DoRA_ControlNet,0.42,6.5,0.024567466229200363,0.0014927443116903305,0.910197913646698,0.14654189348220825,0.06681983172893524,1
bottle,DoRA_ControlNet,0.42,6.5,0.0239991694688797,0.0015478944405913353,0.9160372018814087,0.14300528168678284,0.1250247210264206,1
bottle,DoRA_ControlNet,0.42,6.5,0.023980973288416862,0.0015136738074943423,0.9172811508178711,0.131267711520195,0.12874892354011536,1
bottle,DoRA_ControlNet,0.42,6.5,0.024768676608800888,0.0015120822936296463,0.8956453800201416,0.1585015505552292,0.07126716524362564,1
bottle,DoRA_ControlNet,0.42,6.5,0.024452384561300278,0.0015153323765844107,0.9174976348876953,0.13983497023582458,0.09143044054508209,1
bottle,DoRA_ControlNet,0.42,6.5,0.025073856115341187,0.00171371060423553,0.9180183410644531,0.14175501465797424,0.09162097424268723,1
bottle,DoRA_ControlNet,0.42,6.5,0.023137714713811874,0.0013699575792998075,0.9231404066085815,0.13713796436786652,0.0588512122631073,1
bottle,DoRA_ControlNet,0.42,6.5,0.02517005056142807,0.0018486985936760902,0.9079535007476807,0.14845465123653412,0.07796929031610489,1
bottle,DoRA_ControlNet,0.42,6.5,0.024800151586532593,0.0014897370710968971,0.9054747819900513,0.14323440194129944,0.0818517804145813,1
bottle,DoRA_ControlNet,0.42,6.5,0.024275964125990868,0.0014988845214247704,0.9129307270050049,0.135641410946846,0.102231964468956,1
bottle,DoRA_ControlNet,0.42,6.5,0.02438512071967125,0.0014794403687119484,0.9067369699478149,0.14877773821353912,0.07123909890651703,1
bottle,DoRA_ControlNet,0.42,6.5,0.023776058107614517,0.0013633666094392538,0.9136122465133667,0.14501512050628662,0.05584857985377312,1
bottle,DoRA_ControlNet,0.42,6.5,0.02580280229449272,0.0018129164818674326,0.9066208600997925,0.1498090624809265,0.08026506006717682,1
bottle,DoRA_ControlNet,0.42,6.5,0.026050886139273643,0.0021404954604804516,0.908916175365448,0.1476588249206543,0.29095691442489624,1
bottle,DoRA_ControlNet,0.42,6.5,0.024304568767547607,0.0014697923325002193,0.9071550369262695,0.14309287071228027,0.09637100249528885,1
bottle,DoRA_ControlNet,0.42,6.5,0.02435060404241085,0.0016131559386849403,0.9093927145004272,0.145565003156662,0.15330757200717926,1
bottle,DoRA_ControlNet,0.42,6.5,0.0246957428753376,0.0015698333736509085,0.9183475971221924,0.13929004967212677,0.0845685750246048,1
bottle,DoRA_ControlNet,0.42,6.5,0.02359292283654213,0.0012347041629254818,0.8981975317001343,0.1629270315170288,0.06812376528978348,1
bottle,DoRA_ControlNet,0.42,6.5,0.022883202880620956,0.0011245085624977946,0.9051012992858887,0.15032073855400085,0.05572923272848129,1
bottle,DoRA_ControlNet,0.42,6.5,0.024487515911459923,0.0014264177298173308,0.9100700616836548,0.14518460631370544,0.08836032450199127,1
bottle,DoRA_ControlNet,0.42,6.5,0.023727213963866234,0.0013814996927976608,0.9104728102684021,0.14228349924087524,0.06417694687843323,1
bottle,DoRA_ControlNet,0.42,6.5,0.02370183728635311,0.0012723994441330433,0.918818473815918,0.13918830454349518,0.03223146125674248,1
bottle,DoRA_ControlNet,0.42,6.5,0.02878791093826294,0.0019443556666374207,0.8639822006225586,0.1738666296005249,0.09375292807817459,1
bottle,DoRA_ControlNet,0.42,6.5,0.027211908251047134,0.0016277552349492908,0.8860000371932983,0.16079017519950867,0.04653983935713768,1
bottle,DoRA_ControlNet,0.42,6.5,0.027018290013074875,0.0019121839432045817,0.8911638259887695,0.16705438494682312,0.09325186908245087,1
bottle,DoRA_ControlNet,0.42,6.5,0.023412268608808517,0.0011752101127058268,0.8914474844932556,0.15287739038467407,0.08917731046676636,1
bottle,DoRA_ControlNet,0.42,6.5,0.023775747045874596,0.0012583036441355944,0.9045703411102295,0.14677336812019348,0.07194720953702927,1
bottle,DoRA_ControlNet,0.42,6.5,0.02675560489296913,0.0014725200599059463,0.8776084184646606,0.1494886577129364,0.03400565683841705,1
bottle,DoRA_ControlNet,0.42,6.5,0.02528422884643078,0.0014301532646641135,0.9008520841598511,0.15922178328037262,0.05816296115517616,1
bottle,DoRA_ControlNet,0.42,6.5,0.027011245489120483,0.0016402692999690771,0.8878511190414429,0.1514291614294052,0.1311892718076706,1
bottle,DoRA_ControlNet,0.42,6.5,0.025351855903863907,0.0014342967187985778,0.9036461710929871,0.15555287897586823,0.06417212635278702,1
bottle,DoRA_ControlNet,0.42,6.5,0.024074465036392212,0.001412266748957336,0.9106675386428833,0.14167273044586182,0.10483726859092712,1
bottle,DoRA_ControlNet,0.42,6.5,0.0247145127505064,0.0013618608936667442,0.8983432650566101,0.1493542492389679,0.043452441692352295,1
bottle,DoRA_ControlNet,0.42,6.5,0.02613290771842003,0.0016878539463505149,0.9014862775802612,0.13951775431632996,0.14197972416877747,1
bottle,DoRA_ControlNet,0.42,6.5,0.026804467663168907,0.001772334799170494,0.8898272514343262,0.16692975163459778,0.07779544591903687,1
bottle,DoRA_ControlNet,0.42,6.5,0.02513968013226986,0.0018860128475353122,0.9178532361984253,0.13890817761421204,0.23380766808986664,1
bottle,DoRA_ControlNet,0.42,6.5,0.02416401356458664,0.0014338307082653046,0.907153308391571,0.1410260796546936,0.09936000406742096,1
bottle,DoRA_ControlNet,0.42,6.5,0.02604592964053154,0.0015039154095575213,0.8917273879051208,0.15610234439373016,0.06495939195156097,1
bottle,DoRA_ControlNet,0.42,6.5,0.024008167907595634,0.00141626363620162,0.9142643809318542,0.1375262439250946,0.05458337813615799,0
bottle,DoRA_ControlNet,0.42,6.5,0.023054007440805435,0.0012442920124158263,0.925900936126709,0.13675753772258759,0.09428528696298599,0
bottle,DoRA_ControlNet,0.42,6.5,0.025090228766202927,0.00157893355935812,0.9115015864372253,0.1308659464120865,0.0933341532945633,0
bottle,DoRA_ControlNet,0.42,6.5,0.023522764444351196,0.0013312448281794786,0.9218405485153198,0.12964117527008057,0.10230440646409988,0
bottle,DoRA_ControlNet,0.42,6.5,0.0227518193423748,0.0011594404932111502,0.9239818453788757,0.13353076577186584,0.04472275823354721,0
bottle,DoRA_ControlNet,0.42,6.5,0.02400018833577633,0.0014349515549838543,0.9174167513847351,0.13510413467884064,0.06922752410173416,0
bottle,DoRA_ControlNet,0.42,6.5,0.024780532345175743,0.0014802906662225723,0.9080905914306641,0.13442766666412354,0.06677041202783585,0
bottle,DoRA_ControlNet,0.42,6.5,0.02427264116704464,0.001347620040178299,0.9139937162399292,0.13227587938308716,0.05268322303891182,0
bottle,DoRA_ControlNet,0.42,6.5,0.02395501360297203,0.0014414375182241201,0.9263378977775574,0.12089455127716064,0.10111173987388611,0
bottle,DoRA_ControlNet,0.42,6.5,0.02424374781548977,0.001363030867651105,0.9156526923179626,0.14236558973789215,0.05605423077940941,0
bottle,DoRA_ControlNet,0.42,6.5,0.023186370730400085,0.0013269869377836585,0.9166358709335327,0.1407720148563385,0.10287408530712128,0
bottle,DoRA_ControlNet,0.42,6.5,0.023753641173243523,0.0013481973437592387,0.920608639717102,0.12648460268974304,0.06707744300365448,0
bottle,DoRA_ControlNet,0.42,6.5,0.024387191981077194,0.0013952146982774138,0.910373330116272,0.1334470808506012,0.044294871389865875,0
bottle,DoRA_ControlNet,0.42,6.5,0.024205338209867477,0.00145995884668082,0.9134460687637329,0.13370096683502197,0.12644919753074646,0
bottle,DoRA_ControlNet,0.42,6.5,0.02505890093743801,0.0014994940720498562,0.9229270219802856,0.13349339365959167,0.06340420991182327,0
bottle,DoRA_ControlNet,0.42,6.5,0.023479027673602104,0.001330758212134242,0.9174782633781433,0.13501355051994324,0.0849132388830185,0
bottle,DoRA_ControlNet,0.42,6.5,0.024475883692502975,0.0014718833845108747,0.9208218455314636,0.1375710815191269,0.07781136780977249,0
bottle,DoRA_ControlNet,0.42,6.5,0.02337908372282982,0.0013566487468779087,0.9252705574035645,0.1339358389377594,0.09041234850883484,0
bottle,DoRA_ControlNet,0.42,6.5,0.023031722754240036,0.0011943724239245057,0.916822612285614,0.13810184597969055,0.03926602751016617,0
bottle,DoRA_ControlNet,0.42,6.5,0.023298636078834534,0.001380479196086526,0.9241930842399597,0.133142352104187,0.09481454640626907,0
bottle,DoRA_ControlNet,0.42,7.0,0.026388660073280334,0.001762552885338664,0.8853162527084351,0.18176807463169098,0.06517373770475388,1
bottle,DoRA_ControlNet,0.42,7.0,0.026312312111258507,0.0017903968691825867,0.8941349387168884,0.17417912185192108,0.11702346056699753,1
bottle,DoRA_ControlNet,0.42,7.0,0.026068013161420822,0.0015824015717953444,0.8779176473617554,0.19372959434986115,0.05922962725162506,1
bottle,DoRA_ControlNet,0.42,7.0,0.026249218732118607,0.0015607875538989902,0.8799701929092407,0.22531408071517944,0.06688784807920456,1
bottle,DoRA_ControlNet,0.42,7.0,0.026121053844690323,0.001898905960842967,0.9066801071166992,0.1454942673444748,0.08718911558389664,1
bottle,DoRA_ControlNet,0.42,7.0,0.02559719607234001,0.0016512194415554404,0.9093114733695984,0.151942640542984,0.06303337216377258,1
bottle,DoRA_ControlNet,0.42,7.0,0.026845037937164307,0.001883956603705883,0.8773530721664429,0.19354012608528137,0.0924554243683815,1
bottle,DoRA_ControlNet,0.42,7.0,0.02540675178170204,0.0015700336080044508,0.8779984712600708,0.19300784170627594,0.06639896333217621,1
bottle,DoRA_ControlNet,0.42,7.0,0.026415875181555748,0.00184163311496377,0.8927477598190308,0.17591425776481628,0.14943797886371613,1
bottle,DoRA_ControlNet,0.42,7.0,0.024265393614768982,0.0014160801656544209,0.9124190211296082,0.1506895124912262,0.0830889493227005,1
bottle,DoRA_ControlNet,0.42,7.0,0.024601474404335022,0.0014446964487433434,0.901983916759491,0.17148324847221375,0.06707251816987991,1
bottle,DoRA_ControlNet,0.42,7.0,0.025395940989255905,0.001769975759088993,0.8986884355545044,0.1551232933998108,0.1658921092748642,1
bottle,DoRA_ControlNet,0.42,7.0,0.024807695299386978,0.001642331713810563,0.9007470607757568,0.15026889741420746,0.1031905934214592,1
bottle,DoRA_ControlNet,0.42,7.0,0.026608964428305626,0.00176908983848989,0.8729168772697449,0.1777072697877884,0.046736475080251694,1
bottle,DoRA_ControlNet,0.42,7.0,0.02486628107726574,0.0016363775357604027,0.9160127639770508,0.14573726058006287,0.13557855784893036,1
bottle,DoRA_ControlNet,0.42,7.0,0.025584502145648003,0.0016929835546761751,0.8981548547744751,0.1588238626718521,0.09111228585243225,1
bottle,DoRA_ControlNet,0.42,7.0,0.02647315338253975,0.0018789377063512802,0.8904423117637634,0.17629298567771912,0.08779600262641907,1
bottle,DoRA_ControlNet,0.42,7.0,0.026827504858374596,0.0018960790475830436,0.8849069476127625,0.17818227410316467,0.08847489207983017,1
bottle,DoRA_ControlNet,0.42,7.0,0.02685226872563362,0.0019292955985292792,0.8914758563041687,0.1778721809387207,0.06730896234512329,1
bottle,DoRA_ControlNet,0.42,7.0,0.026019467040896416,0.0017018176149576902,0.8925420045852661,0.16806955635547638,0.08873474597930908,1
bottle,DoRA_ControlNet,0.42,7.0,0.024624772369861603,0.0015271941665560007,0.9099270701408386,0.13793271780014038,0.09399804472923279,1
bottle,DoRA_ControlNet,0.42,7.0,0.02501581609249115,0.0017842355882748961,0.9128991961479187,0.13678684830665588,0.10815182328224182,1
bottle,DoRA_ControlNet,0.42,7.0,0.025905106216669083,0.0020828666165471077,0.9034467935562134,0.14478835463523865,0.27518996596336365,1
bottle,DoRA_ControlNet,0.42,7.0,0.02555597387254238,0.0018802739214152098,0.9061007499694824,0.15122456848621368,0.08591629564762115,1
bottle,DoRA_ControlNet,0.42,7.0,0.025271296501159668,0.0018296808702871203,0.9146952629089355,0.1449585258960724,0.09484235942363739,1
bottle,DoRA_ControlNet,0.42,7.0,0.024816736578941345,0.0015268292045220733,0.908039927482605,0.14845004677772522,0.06773176044225693,1
bottle,DoRA_ControlNet,0.42,7.0,0.02424176037311554,0.001573511166498065,0.9146355390548706,0.14349320530891418,0.12536868453025818,1
bottle,DoRA_ControlNet,0.42,7.0,0.02425341121852398,0.0015463270246982574,0.9154245853424072,0.13206997513771057,0.12970663607120514,1
bottle,DoRA_ControlNet,0.42,7.0,0.025033345445990562,0.0015443083830177784,0.893787145614624,0.1591978669166565,0.07240019738674164,1
bottle,DoRA_ControlNet,0.42,7.0,0.024761050939559937,0.0015504969051107764,0.9156212210655212,0.14157746732234955,0.09244730323553085,1
bottle,DoRA_ControlNet,0.42,7.0,0.02541765198111534,0.0017617885023355484,0.9159672260284424,0.143149733543396,0.09562478959560394,1
bottle,DoRA_ControlNet,0.42,7.0,0.023353882133960724,0.001400708919391036,0.9213573336601257,0.13798433542251587,0.0582725889980793,1
bottle,DoRA_ControlNet,0.42,7.0,0.025380026549100876,0.001882290467619896,0.9062945246696472,0.14942093193531036,0.07967793941497803,1
bottle,DoRA_ControlNet,0.42,7.0,0.025178587064146996,0.0015348824672400951,0.9029623866081238,0.14480051398277283,0.0827803686261177,1
bottle,DoRA_ControlNet,0.42,7.0,0.024584947153925896,0.0015339597593992949,0.9112154841423035,0.13717983663082123,0.10214199870824814,1
bottle,DoRA_ControlNet,0.42,7.0,0.02465229481458664,0.0015083837788552046,0.9052078723907471,0.14931556582450867,0.07150468975305557,1
bottle,DoRA_ControlNet,0.42,7.0,0.024099191650748253,0.0014076897641643882,0.9111413955688477,0.14595240354537964,0.057278912514448166,1
bottle,DoRA_ControlNet,0.42,7.0,0.026187539100646973,0.0018587125232443213,0.9041426181793213,0.15098117291927338,0.08114659786224365,1
bottle,DoRA_ControlNet,0.42,7.0,0.026325738057494164,0.0021890057250857353,0.9073514342308044,0.1481635868549347,0.299397736787796,1
bottle,DoRA_ControlNet,0.42,7.0,0.024616118520498276,0.0015087230131030083,0.9052842855453491,0.14397121965885162,0.09570220112800598,1
bottle,DoRA_ControlNet,0.42,7.0,0.024618420749902725,0.0016490109264850616,0.9077998995780945,0.1461971402168274,0.15690502524375916,1
bottle,DoRA_ControlNet,0.42,7.0,0.02498023770749569,0.0016054986044764519,0.9167585372924805,0.14040258526802063,0.08700496703386307,1
bottle,DoRA_ControlNet,0.42,7.0,0.023958120495080948,0.0012713659089058638,0.8955680727958679,0.16436809301376343,0.06912824511528015,1
bottle,DoRA_ControlNet,0.42,7.0,0.023084750398993492,0.0011481347028166056,0.9036478400230408,0.1515318751335144,0.05673658475279808,1
bottle,DoRA_ControlNet,0.42,7.0,0.02479473501443863,0.0014642588794231415,0.9083697199821472,0.14590595662593842,0.08931118994951248,1
bottle,DoRA_ControlNet,0.42,7.0,0.02405068650841713,0.001411457429639995,0.908411979675293,0.143422931432724,0.0649523138999939,1
bottle,DoRA_ControlNet,0.42,7.0,0.0240235086530447,0.0013078483752906322,0.9168704748153687,0.14107047021389008,0.032381221652030945,1
bottle,DoRA_ControlNet,0.42,7.0,0.029103677719831467,0.001989644253626466,0.8611181974411011,0.1755390763282776,0.09674590826034546,1
bottle,DoRA_ControlNet,0.42,7.0,0.02742782235145569,0.0016555882757529616,0.8848559856414795,0.16121742129325867,0.04765496775507927,1
bottle,DoRA_ControlNet,0.42,7.0,0.02735907956957817,0.001962491078302264,0.8887783288955688,0.16951553523540497,0.09424018114805222,1
bottle,DoRA_ControlNet,0.42,7.0,0.023719828575849533,0.0012087319046258926,0.8889999389648438,0.15447282791137695,0.08925221115350723,1
bottle,DoRA_ControlNet,0.42,7.0,0.024130061268806458,0.001300273695960641,0.9023575782775879,0.14810121059417725,0.074012391269207,1
bottle,DoRA_ControlNet,0.42,7.0,0.02711690030992031,0.0015123093035072088,0.8750735521316528,0.15178421139717102,0.034225944429636,1
bottle,DoRA_ControlNet,0.42,7.0,0.02556384727358818,0.0014640064910054207,0.898896336555481,0.1611526757478714,0.05848442763090134,1
bottle,DoRA_ControlNet,0.42,7.0,0.0273105651140213,0.0016765067121014,0.885797381401062,0.15240731835365295,0.13401107490062714,1
bottle,DoRA_ControlNet,0.42,7.0,0.025626806542277336,0.0014807324623689055,0.9011168479919434,0.15705913305282593,0.06539767980575562,1
bottle,DoRA_ControlNet,0.42,7.0,0.024360772222280502,0.0014448555884882808,0.9091123938560486,0.14317387342453003,0.10546591132879257,1
bottle,DoRA_ControlNet,0.42,7.0,0.024992071092128754,0.001397223910316825,0.8958388566970825,0.15086303651332855,0.043908651918172836,1
bottle,DoRA_ControlNet,0.42,7.0,0.026344284415245056,0.0017249365337193012,0.8996540904045105,0.14076828956604004,0.14689312875270844,1
bottle,DoRA_ControlNet,0.42,7.0,0.02723059058189392,0.0018335486529394984,0.8865011930465698,0.16855841875076294,0.0782996341586113,1
bottle,DoRA_ControlNet,0.42,7.0,0.025395121425390244,0.0019283852307125926,0.9162477254867554,0.13968457281589508,0.24031631648540497,1
bottle,DoRA_ControlNet,0.42,7.0,0.02447892725467682,0.0014790846034884453,0.9043750762939453,0.14325806498527527,0.10138651728630066,1
bottle,DoRA_ControlNet,0.42,7.0,0.026349332183599472,0.001536533934995532,0.8901888728141785,0.15629397332668304,0.06702890247106552,1
bottle,DoRA_ControlNet,0.42,7.0,0.02433587983250618,0.0014620304573327303,0.9116576910018921,0.13857612013816833,0.05603192746639252,0
bottle,DoRA_ControlNet,0.42,7.0,0.02336796186864376,0.0012732225004583597,0.9242817163467407,0.13726037740707397,0.09509970992803574,0
bottle,DoRA_ControlNet,0.42,7.0,0.025308212265372276,0.0016071454156190157,0.9098900556564331,0.1319660097360611,0.09540735930204391,0
bottle,DoRA_ControlNet,0.42,7.0,0.023823868483304977,0.0013683335855603218,0.9201650619506836,0.12999293208122253,0.10380979627370834,0
bottle,DoRA_ControlNet,0.42,7.0,0.02311621606349945,0.0011916225776076317,0.9220198392868042,0.13447938859462738,0.045576758682727814,0
bottle,DoRA_ControlNet,0.42,7.0,0.024459516629576683,0.0014831291045993567,0.9144996404647827,0.13689519464969635,0.07015692442655563,0
bottle,DoRA_ControlNet,0.42,7.0,0.02513037994503975,0.001515593845397234,0.9061472415924072,0.1351763904094696,0.06758596748113632,0
bottle,DoRA_ControlNet,0.42,7.0,0.02456950768828392,0.001374542247503996,0.912329375743866,0.1332438886165619,0.053450409322977066,0
bottle,DoRA_ControlNet,0.42,7.0,0.024272195994853973,0.001479079481214285,0.924467921257019,0.12185736000537872,0.10281530767679214,0
bottle,DoRA_ControlNet,0.42,7.0,0.02460293471813202,0.001404446898959577,0.9129734039306641,0.14437580108642578,0.05755220353603363,0
bottle,DoRA_ControlNet,0.42,7.0,0.02349991165101528,0.0013631908223032951,0.9143208265304565,0.14175371825695038,0.10752934217453003,0
bottle,DoRA_ControlNet,0.42,7.0,0.024087166413664818,0.0013817594153806567,0.9187347888946533,0.1275647133588791,0.06747613102197647,0
bottle,DoRA_ControlNet,0.42,7.0,0.024651218205690384,0.001421549590304494,0.9086610078811646,0.13340558111667633,0.04491079971194267,0
bottle,DoRA_ControlNet,0.42,7.0,0.02450333535671234,0.001496781944297254,0.9114809036254883,0.13472291827201843,0.13238947093486786,0
bottle,DoRA_ControlNet,0.42,7.0,0.025410935282707214,0.0015376389492303133,0.920839250087738,0.13474443554878235,0.06489565223455429,0
bottle,DoRA_ControlNet,0.42,7.0,0.02373475208878517,0.0013621024554595351,0.9157004356384277,0.13564646244049072,0.08495985716581345,0
bottle,DoRA_ControlNet,0.42,7.0,0.024777447804808617,0.001511225476861,0.9189903140068054,0.1383049339056015,0.0785951241850853,0
bottle,DoRA_ControlNet,0.42,7.0,0.023683596402406693,0.001389089971780777,0.9232993125915527,0.13692307472229004,0.09334567189216614,0
bottle,DoRA_ControlNet,0.42,7.0,0.023297064006328583,0.001226247870363295,0.9149166345596313,0.13923253118991852,0.04033786058425903,0
bottle,DoRA_ControlNet,0.42,7.0,0.02355002425611019,0.0014114275109022856,0.9225198030471802,0.13456615805625916,0.09560509026050568,0
