Category,Technique_Used,Strength,Guidance,L1,L2,MS_SSIM,LPIPS,Max_Patch,Label
bottle,Text_Encoder_LoRA,0.35,5.5,0.02849334105849266,0.0019229443278163671,0.8774213194847107,0.239919051527977,0.07715879380702972,1
bottle,Text_Encoder_LoRA,0.35,5.5,0.027284186333417892,0.0018941862508654594,0.8900267481803894,0.22087641060352325,0.11510909348726273,1
bottle,Text_Encoder_LoRA,0.35,5.5,0.027772288769483566,0.0017508919117972255,0.8642487525939941,0.234846830368042,0.05329156666994095,1
bottle,Text_Encoder_LoRA,0.35,5.5,0.025029024109244347,0.0014212047681212425,0.8890304565429688,0.2559077739715576,0.03928758576512337,1
bottle,Text_Encoder_LoRA,0.35,5.5,0.0284956656396389,0.002110111992806196,0.8814939856529236,0.21152615547180176,0.10417737811803818,1
bottle,Text_Encoder_LoRA,0.35,5.5,0.02929646335542202,0.0021686824038624763,0.8830618858337402,0.2156187891960144,0.0613035187125206,1
bottle,Text_Encoder_LoRA,0.35,5.5,0.028584744781255722,0.001993634272366762,0.8731429576873779,0.24182148277759552,0.08122657239437103,1
bottle,Text_Encoder_LoRA,0.35,5.5,0.026470011100172997,0.0015964366029947996,0.8781399726867676,0.24745391309261322,0.08096059411764145,1
bottle,Text_Encoder_LoRA,0.35,5.5,0.02793678268790245,0.0019472925923764706,0.8841569423675537,0.23869331181049347,0.1107083261013031,1
bottle,Text_Encoder_LoRA,0.35,5.5,0.02694394811987877,0.0017393529415130615,0.8867003321647644,0.21083062887191772,0.07097466289997101,1
bottle,Text_Encoder_LoRA,0.35,5.5,0.025993164628744125,0.0015285330591723323,0.8916301131248474,0.21954728662967682,0.04989318549633026,1
bottle,Text_Encoder_LoRA,0.35,5.5,0.027526287361979485,0.0019834681879729033,0.881373405456543,0.21693770587444305,0.14451062679290771,1
bottle,Text_Encoder_LoRA,0.35,5.5,0.02786112390458584,0.002101416466757655,0.8831886649131775,0.22072194516658783,0.11913616210222244,1
bottle,Text_Encoder_LoRA,0.35,5.5,0.029848990961909294,0.0020725387148559093,0.8616294860839844,0.2641889750957489,0.05619503930211067,1
bottle,Text_Encoder_LoRA,0.35,5.5,0.028088640421628952,0.00190803874284029,0.8866630792617798,0.21366716921329498,0.1188754141330719,1
bottle,Text_Encoder_LoRA,0.35,5.5,0.028322529047727585,0.0020264252088963985,0.8831256628036499,0.22854331135749817,0.0922391340136528,1
bottle,Text_Encoder_LoRA,0.35,5.5,0.02754233404994011,0.0019845005590468645,0.8900609016418457,0.24022096395492554,0.09043596684932709,1
bottle,Text_Encoder_LoRA,0.35,5.5,0.02750890515744686,0.0018757625948637724,0.8749992847442627,0.23524078726768494,0.08638637512922287,1
bottle,Text_Encoder_LoRA,0.35,5.5,0.0307451244443655,0.002342314925044775,0.8668127059936523,0.2511839270591736,0.08043341338634491,1
bottle,Text_Encoder_LoRA,0.35,5.5,0.028476443141698837,0.0019414437701925635,0.8802040815353394,0.22112804651260376,0.05446209758520126,1
bottle,Text_Encoder_LoRA,0.35,5.5,0.02785347029566765,0.0018864263547584414,0.8840150237083435,0.20680728554725647,0.07570277154445648,1
bottle,Text_Encoder_LoRA,0.35,5.5,0.02827790379524231,0.0020555583760142326,0.8943967819213867,0.19924922287464142,0.09298107028007507,1
bottle,Text_Encoder_LoRA,0.35,5.5,0.03031109645962715,0.002437186660245061,0.8713918924331665,0.22566525638103485,0.1506483107805252,1
bottle,Text_Encoder_LoRA,0.35,5.5,0.02998773567378521,0.0024179734755307436,0.8783515691757202,0.22865866124629974,0.15698549151420593,1
bottle,Text_Encoder_LoRA,0.35,5.5,0.028320398181676865,0.0022075874730944633,0.8964828252792358,0.2102402150630951,0.09077466279268265,1
bottle,Text_Encoder_LoRA,0.35,5.5,0.027621224522590637,0.0017822214867919683,0.8881338834762573,0.20744076371192932,0.06198180466890335,1
bottle,Text_Encoder_LoRA,0.35,5.5,0.027929503470659256,0.0019471956184133887,0.8897573947906494,0.21768656373023987,0.09851645678281784,1
bottle,Text_Encoder_LoRA,0.35,5.5,0.02718462608754635,0.0018871743232011795,0.8999625444412231,0.19957923889160156,0.10474593192338943,1
bottle,Text_Encoder_LoRA,0.35,5.5,0.028228042647242546,0.0019255898660048842,0.8720471262931824,0.2149014174938202,0.07374541461467743,1
bottle,Text_Encoder_LoRA,0.35,5.5,0.02654421702027321,0.0017919925739988685,0.9012576341629028,0.19254562258720398,0.10003358870744705,1
bottle,Text_Encoder_LoRA,0.35,5.5,0.027968209236860275,0.002046306151896715,0.8961336016654968,0.20345060527324677,0.0703008621931076,1
bottle,Text_Encoder_LoRA,0.35,5.5,0.026647571474313736,0.001691844081506133,0.9031084775924683,0.21580293774604797,0.06098237261176109,1
bottle,Text_Encoder_LoRA,0.35,5.5,0.030018001794815063,0.0025608546566218138,0.8850962519645691,0.23095563054084778,0.08845292776823044,1
bottle,Text_Encoder_LoRA,0.35,5.5,0.027974635362625122,0.0018234611488878727,0.8803956508636475,0.22560474276542664,0.09162994474172592,1
bottle,Text_Encoder_LoRA,0.35,5.5,0.027983343228697777,0.0018605806399136782,0.8834697604179382,0.21585935354232788,0.12559175491333008,1
bottle,Text_Encoder_LoRA,0.35,5.5,0.028214305639266968,0.002012271201238036,0.8744524717330933,0.219173401594162,0.07886708527803421,1
bottle,Text_Encoder_LoRA,0.35,5.5,0.027592699974775314,0.0016859904862940311,0.8812158107757568,0.2201022505760193,0.041994012892246246,1
bottle,Text_Encoder_LoRA,0.35,5.5,0.028986340388655663,0.002113770227879286,0.8883498907089233,0.20868521928787231,0.0823592022061348,1
bottle,Text_Encoder_LoRA,0.35,5.5,0.028582533821463585,0.0023279045708477497,0.8913493156433105,0.21741315722465515,0.18689723312854767,1
bottle,Text_Encoder_LoRA,0.35,5.5,0.027859313413500786,0.0018139106687158346,0.8817275762557983,0.22349809110164642,0.0977398157119751,1
bottle,Text_Encoder_LoRA,0.35,5.5,0.02858506701886654,0.002144761383533478,0.8835499286651611,0.24697542190551758,0.1433699131011963,1
bottle,Text_Encoder_LoRA,0.35,5.5,0.028877682983875275,0.0020701729226857424,0.8866839408874512,0.20754104852676392,0.0911039263010025,1
bottle,Text_Encoder_LoRA,0.35,5.5,0.02701788768172264,0.001594132510945201,0.8805283904075623,0.2029534876346588,0.07450428605079651,1
bottle,Text_Encoder_LoRA,0.35,5.5,0.026423072442412376,0.0014879244845360518,0.8748235106468201,0.21337667107582092,0.04222492128610611,1
bottle,Text_Encoder_LoRA,0.35,5.5,0.027631832286715508,0.0017408517887815833,0.8809667825698853,0.20664706826210022,0.07312655448913574,1
bottle,Text_Encoder_LoRA,0.35,5.5,0.028275808319449425,0.0020246999338269234,0.8825669288635254,0.21853139996528625,0.05538007616996765,1
bottle,Text_Encoder_LoRA,0.35,5.5,0.02702147513628006,0.0016034006839618087,0.8966099619865417,0.21366122364997864,0.03261909261345863,1
bottle,Text_Encoder_LoRA,0.35,5.5,0.031356219202280045,0.002243412658572197,0.8618305921554565,0.20843765139579773,0.07035497575998306,1
bottle,Text_Encoder_LoRA,0.35,5.5,0.0324462465941906,0.002273112302646041,0.8457207083702087,0.2251715213060379,0.04276058077812195,1
bottle,Text_Encoder_LoRA,0.35,5.5,0.03125359117984772,0.0023585972376167774,0.8570963740348816,0.23147155344486237,0.07463288307189941,1
bottle,Text_Encoder_LoRA,0.35,5.5,0.026287809014320374,0.0014400111977010965,0.8685040473937988,0.2066321074962616,0.07810834795236588,1
bottle,Text_Encoder_LoRA,0.35,5.5,0.027123188599944115,0.0016368654323741794,0.8765203356742859,0.20663920044898987,0.06731653213500977,1
bottle,Text_Encoder_LoRA,0.35,5.5,0.03010883741080761,0.0019102849764749408,0.8463684916496277,0.20569512248039246,0.04872141405940056,1
bottle,Text_Encoder_LoRA,0.35,5.5,0.028427284210920334,0.0017389602726325393,0.8775598406791687,0.20506131649017334,0.04603045806288719,1
bottle,Text_Encoder_LoRA,0.35,5.5,0.02962336502969265,0.00191385461948812,0.8640167117118835,0.23368941247463226,0.09652161598205566,1
bottle,Text_Encoder_LoRA,0.35,5.5,0.026729565113782883,0.0015893736854195595,0.8884758949279785,0.20630952715873718,0.06836816668510437,1
bottle,Text_Encoder_LoRA,0.35,5.5,0.027243521064519882,0.0018002891447395086,0.8915569186210632,0.2124890685081482,0.09118671715259552,1
bottle,Text_Encoder_LoRA,0.35,5.5,0.028589308261871338,0.0018003717996180058,0.8690663576126099,0.21029828488826752,0.03972408175468445,1
bottle,Text_Encoder_LoRA,0.35,5.5,0.029001867398619652,0.0019640433602035046,0.8768975734710693,0.21526864171028137,0.09535590559244156,1
bottle,Text_Encoder_LoRA,0.35,5.5,0.03018707036972046,0.002242970746010542,0.8636662364006042,0.22520945966243744,0.07534506916999817,1
bottle,Text_Encoder_LoRA,0.35,5.5,0.02713743969798088,0.001968926517292857,0.9072897434234619,0.19982704520225525,0.10368479043245316,1
bottle,Text_Encoder_LoRA,0.35,5.5,0.02789328806102276,0.0018304529367014766,0.884286642074585,0.2226027548313141,0.07596921920776367,1
bottle,Text_Encoder_LoRA,0.35,5.5,0.02897099032998085,0.0018897585105150938,0.8708401918411255,0.2161543369293213,0.06331638991832733,1
bottle,Text_Encoder_LoRA,0.35,5.5,0.02841155230998993,0.001995805185288191,0.8916770219802856,0.22003036737442017,0.06881150603294373,0
bottle,Text_Encoder_LoRA,0.35,5.5,0.027115164324641228,0.0016711734933778644,0.8945319056510925,0.2142375409603119,0.07804524153470993,0
bottle,Text_Encoder_LoRA,0.35,5.5,0.028735414147377014,0.0020086236763745546,0.889974057674408,0.21537469327449799,0.06907380372285843,0
bottle,Text_Encoder_LoRA,0.35,5.5,0.027529573068022728,0.001763216103427112,0.8958012461662292,0.20447126030921936,0.07896958291530609,0
bottle,Text_Encoder_LoRA,0.35,5.5,0.02716803550720215,0.0016810426022857428,0.8920692205429077,0.20559853315353394,0.04674442112445831,0
bottle,Text_Encoder_LoRA,0.35,5.5,0.027524208649992943,0.0018469765782356262,0.8968573808670044,0.20367279648780823,0.06773240864276886,0
bottle,Text_Encoder_LoRA,0.35,5.5,0.02837979793548584,0.0018842830322682858,0.8803157806396484,0.20755988359451294,0.06680218875408173,0
bottle,Text_Encoder_LoRA,0.35,5.5,0.028442783281207085,0.0018025588942691684,0.8864505290985107,0.21547333896160126,0.039062660187482834,0
bottle,Text_Encoder_LoRA,0.35,5.5,0.02737756073474884,0.001803714781999588,0.905697762966156,0.1907282918691635,0.08574913442134857,0
bottle,Text_Encoder_LoRA,0.35,5.5,0.02692846581339836,0.0017070348840206861,0.8983075618743896,0.2188054621219635,0.05079789087176323,0
bottle,Text_Encoder_LoRA,0.35,5.5,0.027228057384490967,0.001863746321760118,0.8931660652160645,0.20646068453788757,0.08771926909685135,0
bottle,Text_Encoder_LoRA,0.35,5.5,0.028075380250811577,0.0018299545627087355,0.8883861303329468,0.21435225009918213,0.07031649351119995,0
bottle,Text_Encoder_LoRA,0.35,5.5,0.026992682367563248,0.0017153065418824553,0.8980507850646973,0.1874484121799469,0.06327298283576965,0
bottle,Text_Encoder_LoRA,0.35,5.5,0.028430011123418808,0.0018973760306835175,0.8896095156669617,0.21258296072483063,0.08029508590698242,0
bottle,Text_Encoder_LoRA,0.35,5.5,0.02816024050116539,0.0019122206140309572,0.9061205387115479,0.1942359209060669,0.05354015901684761,0
bottle,Text_Encoder_LoRA,0.35,5.5,0.02818700298666954,0.0017859510844573379,0.8903529047966003,0.20389306545257568,0.0716053694486618,0
bottle,Text_Encoder_LoRA,0.35,5.5,0.02706889808177948,0.0017223597969859838,0.9029476046562195,0.20324397087097168,0.07446793466806412,0
bottle,Text_Encoder_LoRA,0.35,5.5,0.027879923582077026,0.0018483649473637342,0.8928326964378357,0.20820972323417664,0.12949346005916595,0
bottle,Text_Encoder_LoRA,0.35,5.5,0.02718772366642952,0.00161857926286757,0.8855873942375183,0.2147279679775238,0.04715339466929436,0
bottle,Text_Encoder_LoRA,0.35,5.5,0.027901729568839073,0.0018955714767798781,0.8969345092773438,0.20753806829452515,0.07939674705266953,0
bottle,Text_Encoder_LoRA,0.35,6.5,0.02865046076476574,0.0019350259099155664,0.8761155009269714,0.24030086398124695,0.07594303041696548,1
bottle,Text_Encoder_LoRA,0.35,6.5,0.027438774704933167,0.0019149193540215492,0.889093816280365,0.22374840080738068,0.11438450962305069,1
bottle,Text_Encoder_LoRA,0.35,6.5,0.028014838695526123,0.0017764174845069647,0.8623418807983398,0.23588480055332184,0.05198373645544052,1
bottle,Text_Encoder_LoRA,0.35,6.5,0.025134284049272537,0.0014312195125967264,0.8889116644859314,0.2561275362968445,0.039898768067359924,1
bottle,Text_Encoder_LoRA,0.35,6.5,0.028640400618314743,0.0021264541428536177,0.8807265758514404,0.21287763118743896,0.10536589473485947,1
bottle,Text_Encoder_LoRA,0.35,6.5,0.02961401455104351,0.0022146650590002537,0.8808000087738037,0.21860016882419586,0.06187476962804794,1
bottle,Text_Encoder_LoRA,0.35,6.5,0.02873232588171959,0.0020051782485097647,0.872074544429779,0.24562382698059082,0.08153220266103745,1
bottle,Text_Encoder_LoRA,0.35,6.5,0.02646302804350853,0.0015971673419699073,0.8782812356948853,0.24592548608779907,0.08171780407428741,1
bottle,Text_Encoder_LoRA,0.35,6.5,0.028174057602882385,0.001959497109055519,0.8830723166465759,0.2435828298330307,0.1127830445766449,1
bottle,Text_Encoder_LoRA,0.35,6.5,0.02718297392129898,0.0017724961508065462,0.8853127360343933,0.2124904990196228,0.07081444561481476,1
bottle,Text_Encoder_LoRA,0.35,6.5,0.025971626862883568,0.001525157829746604,0.8916187286376953,0.21828597784042358,0.05144060030579567,1
bottle,Text_Encoder_LoRA,0.35,6.5,0.02778105065226555,0.002013032790273428,0.8793899416923523,0.22039476037025452,0.14539745450019836,1
bottle,Text_Encoder_LoRA,0.35,6.5,0.02802383154630661,0.002118499483913183,0.8824059367179871,0.22335612773895264,0.11829700320959091,1
bottle,Text_Encoder_LoRA,0.35,6.5,0.029939254745841026,0.002085598884150386,0.8610047698020935,0.26408445835113525,0.057394638657569885,1
bottle,Text_Encoder_LoRA,0.35,6.5,0.028244074434041977,0.0019307521870359778,0.8856905698776245,0.21633505821228027,0.1181771531701088,1
bottle,Text_Encoder_LoRA,0.35,6.5,0.02855473756790161,0.0020508775487542152,0.8821344375610352,0.2305976003408432,0.0928419753909111,1
bottle,Text_Encoder_LoRA,0.35,6.5,0.027660246938467026,0.0020012077875435352,0.8899708986282349,0.24031083285808563,0.09106306731700897,1
bottle,Text_Encoder_LoRA,0.35,6.5,0.02764182537794113,0.0018787188455462456,0.8739535808563232,0.2384500801563263,0.08511090278625488,1
bottle,Text_Encoder_LoRA,0.35,6.5,0.03093479573726654,0.002376832067966461,0.8658257722854614,0.2529222369194031,0.08157748728990555,1
bottle,Text_Encoder_LoRA,0.35,6.5,0.028489915654063225,0.00194372923579067,0.8800222277641296,0.2210935354232788,0.05480625107884407,1
bottle,Text_Encoder_LoRA,0.35,6.5,0.028154416009783745,0.0019133181776851416,0.8820769190788269,0.20969034731388092,0.07616433501243591,1
bottle,Text_Encoder_LoRA,0.35,6.5,0.028443170711398125,0.0020793448202311993,0.8930603861808777,0.2008901685476303,0.09380675852298737,1
bottle,Text_Encoder_LoRA,0.35,6.5,0.030560314655303955,0.002468283288180828,0.8695019483566284,0.22731921076774597,0.14879953861236572,1
bottle,Text_Encoder_LoRA,0.35,6.5,0.030200764536857605,0.0024299887008965015,0.8770871162414551,0.23068293929100037,0.15643447637557983,1
bottle,Text_Encoder_LoRA,0.35,6.5,0.028491150587797165,0.002221085596829653,0.895155131816864,0.21262311935424805,0.08829925954341888,1
bottle,Text_Encoder_LoRA,0.35,6.5,0.027867605909705162,0.001811566180549562,0.8866764307022095,0.20872065424919128,0.06457402557134628,1
bottle,Text_Encoder_LoRA,0.35,6.5,0.02816500887274742,0.0019788197241723537,0.8887825012207031,0.21955722570419312,0.09799135476350784,1
bottle,Text_Encoder_LoRA,0.35,6.5,0.027488574385643005,0.0019214102067053318,0.8984608054161072,0.20208221673965454,0.10573174804449081,1
bottle,Text_Encoder_LoRA,0.35,6.5,0.02845165692269802,0.0019537080079317093,0.8706232905387878,0.21665936708450317,0.07428812235593796,1
bottle,Text_Encoder_LoRA,0.35,6.5,0.026700621470808983,0.0018114072736352682,0.9000085592269897,0.19413749873638153,0.1010715514421463,1
bottle,Text_Encoder_LoRA,0.35,6.5,0.02824997715651989,0.0020806698594242334,0.8941978812217712,0.20429903268814087,0.070831298828125,1
bottle,Text_Encoder_LoRA,0.35,6.5,0.0269379373639822,0.0017252042889595032,0.9015096426010132,0.2194930613040924,0.06243867799639702,1
bottle,Text_Encoder_LoRA,0.35,6.5,0.03031820058822632,0.0026066042482852936,0.8836196660995483,0.2355627715587616,0.08839328587055206,1
bottle,Text_Encoder_LoRA,0.35,6.5,0.028274526819586754,0.0018607903039082885,0.8780637979507446,0.22696161270141602,0.09159141778945923,1
bottle,Text_Encoder_LoRA,0.35,6.5,0.028258010745048523,0.0018976766150444746,0.8813536167144775,0.21775595843791962,0.12560062110424042,1
bottle,Text_Encoder_LoRA,0.35,6.5,0.02827596291899681,0.0020139289554208517,0.8741258382797241,0.21815520524978638,0.07958671450614929,1
bottle,Text_Encoder_LoRA,0.35,6.5,0.027888070791959763,0.0017233069520443678,0.8784754276275635,0.2227029800415039,0.042247507721185684,1
bottle,Text_Encoder_LoRA,0.35,6.5,0.029207786545157433,0.0021360551472753286,0.886947512626648,0.21101118624210358,0.07991325110197067,1
bottle,Text_Encoder_LoRA,0.35,6.5,0.028862034901976585,0.002340647391974926,0.8905393481254578,0.22086508572101593,0.1937892735004425,1
bottle,Text_Encoder_LoRA,0.35,6.5,0.02810670994222164,0.0018473522504791617,0.8797634840011597,0.22531642019748688,0.09778199344873428,1
bottle,Text_Encoder_LoRA,0.35,6.5,0.02892288565635681,0.002187016885727644,0.8817657232284546,0.25043192505836487,0.14621111750602722,1
bottle,Text_Encoder_LoRA,0.35,6.5,0.029118169099092484,0.0020976343657821417,0.8862824440002441,0.20909884572029114,0.09161848574876785,1
bottle,Text_Encoder_LoRA,0.35,6.5,0.027238694950938225,0.0016187636647373438,0.8789727091789246,0.20403583347797394,0.07361265271902084,1
bottle,Text_Encoder_LoRA,0.35,6.5,0.02666325494647026,0.0015094683039933443,0.8731050491333008,0.2153395116329193,0.04203670844435692,1
bottle,Text_Encoder_LoRA,0.35,6.5,0.027837231755256653,0.0017739696195349097,0.8791491389274597,0.20863820612430573,0.07404649257659912,1
bottle,Text_Encoder_LoRA,0.35,6.5,0.028647437691688538,0.002068229950964451,0.8799120187759399,0.22420570254325867,0.055330950766801834,1
bottle,Text_Encoder_LoRA,0.35,6.5,0.027132978662848473,0.0016078505432233214,0.8960392475128174,0.21485890448093414,0.03368408605456352,1
bottle,Text_Encoder_LoRA,0.35,6.5,0.0317302867770195,0.0023031344171613455,0.8582884669303894,0.21088428795337677,0.0695829764008522,1
bottle,Text_Encoder_LoRA,0.35,6.5,0.03287510201334953,0.002320445142686367,0.8425822257995605,0.2307332307100296,0.04305447265505791,1
bottle,Text_Encoder_LoRA,0.35,6.5,0.03149434179067612,0.0023879813961684704,0.85640549659729,0.23422826826572418,0.0748661458492279,1
bottle,Text_Encoder_LoRA,0.35,6.5,0.026693757623434067,0.0014761131023988128,0.8656646013259888,0.2098887711763382,0.07781028002500534,1
bottle,Text_Encoder_LoRA,0.35,6.5,0.027421846985816956,0.0016699314583092928,0.8746542930603027,0.20852935314178467,0.06724677234888077,1
bottle,Text_Encoder_LoRA,0.35,6.5,0.030456386506557465,0.00195412733592093,0.843547523021698,0.20762112736701965,0.04969097673892975,1
bottle,Text_Encoder_LoRA,0.35,6.5,0.028600646182894707,0.0017642517341300845,0.8767239451408386,0.20692777633666992,0.04689372330904007,1
bottle,Text_Encoder_LoRA,0.35,6.5,0.02981261909008026,0.001934247906319797,0.8633778095245361,0.23730117082595825,0.09712192416191101,1
bottle,Text_Encoder_LoRA,0.35,6.5,0.02696738764643669,0.0016150659648701549,0.8866584300994873,0.2083253562450409,0.06900323927402496,1
bottle,Text_Encoder_LoRA,0.35,6.5,0.027512121945619583,0.001841063960455358,0.8897662162780762,0.2145228385925293,0.09219642728567123,1
bottle,Text_Encoder_LoRA,0.35,6.5,0.02886439859867096,0.00183800735976547,0.8665826320648193,0.21220195293426514,0.03953123092651367,1
bottle,Text_Encoder_LoRA,0.35,6.5,0.029166314750909805,0.0019872125703841448,0.875964343547821,0.21631795167922974,0.09877509623765945,1
bottle,Text_Encoder_LoRA,0.35,6.5,0.03059924766421318,0.002310352399945259,0.8613480925559998,0.22765204310417175,0.07477527111768723,1
bottle,Text_Encoder_LoRA,0.35,6.5,0.02743016742169857,0.0020106867887079716,0.9055570960044861,0.20350012183189392,0.10657685995101929,1
bottle,Text_Encoder_LoRA,0.35,6.5,0.028090432286262512,0.0018457535188645124,0.8834978938102722,0.22370830178260803,0.07517567276954651,1
bottle,Text_Encoder_LoRA,0.35,6.5,0.029151588678359985,0.0019181551178917289,0.8705247640609741,0.21794737875461578,0.0638180524110794,1
bottle,Text_Encoder_LoRA,0.35,6.5,0.028889529407024384,0.002079153433442116,0.8883211016654968,0.2273968607187271,0.06822840869426727,0
bottle,Text_Encoder_LoRA,0.35,6.5,0.027502790093421936,0.0017157209804281592,0.8909699320793152,0.21744173765182495,0.07767744362354279,0
bottle,Text_Encoder_LoRA,0.35,6.5,0.02917780727148056,0.0020570391789078712,0.8873870372772217,0.2196289300918579,0.07166972756385803,0
bottle,Text_Encoder_LoRA,0.35,6.5,0.02779204025864601,0.0017982469871640205,0.894016444683075,0.20718783140182495,0.07824752479791641,0
bottle,Text_Encoder_LoRA,0.35,6.5,0.027439339086413383,0.0017196213593706489,0.8900362253189087,0.20771224796772003,0.04678819328546524,0
bottle,Text_Encoder_LoRA,0.35,6.5,0.02799554541707039,0.0019117544870823622,0.8943071365356445,0.20734739303588867,0.07217215746641159,0
bottle,Text_Encoder_LoRA,0.35,6.5,0.028684373944997787,0.0019193723564967513,0.878034234046936,0.210467129945755,0.06925776600837708,0
bottle,Text_Encoder_LoRA,0.35,6.5,0.028776153922080994,0.0018410044722259045,0.8844232559204102,0.21907833218574524,0.03952685371041298,0
bottle,Text_Encoder_LoRA,0.35,6.5,0.027658041566610336,0.0018357367953285575,0.9048112630844116,0.19246447086334229,0.08462658524513245,0
bottle,Text_Encoder_LoRA,0.35,6.5,0.027167614549398422,0.0017362392973154783,0.8972468376159668,0.22090715169906616,0.051214445382356644,0
bottle,Text_Encoder_LoRA,0.35,6.5,0.02764728292822838,0.0019119379576295614,0.8905854225158691,0.2126123011112213,0.08747277408838272,0
bottle,Text_Encoder_LoRA,0.35,6.5,0.02836894616484642,0.0018632522551342845,0.886152446269989,0.2179660201072693,0.07116524130105972,0
bottle,Text_Encoder_LoRA,0.35,6.5,0.027215048670768738,0.0017409406136721373,0.8961226344108582,0.18958783149719238,0.06278321892023087,0
bottle,Text_Encoder_LoRA,0.35,6.5,0.028739646077156067,0.0019424788188189268,0.8883765935897827,0.21510669589042664,0.08007614314556122,0
bottle,Text_Encoder_LoRA,0.35,6.5,0.028590645641088486,0.001966569572687149,0.9036683440208435,0.19701546430587769,0.05400427430868149,0
bottle,Text_Encoder_LoRA,0.35,6.5,0.028497815132141113,0.0018209334230050445,0.8889569044113159,0.20599883794784546,0.07171580940485,0
bottle,Text_Encoder_LoRA,0.35,6.5,0.027386188507080078,0.0017572925426065922,0.9011402130126953,0.20474253594875336,0.07326769828796387,0
bottle,Text_Encoder_LoRA,0.35,6.5,0.028235092759132385,0.0018927010241895914,0.8900794982910156,0.21130213141441345,0.1308130919933319,0
bottle,Text_Encoder_LoRA,0.35,6.5,0.02749762497842312,0.0016547099221497774,0.8837002515792847,0.21673135459423065,0.048722006380558014,0
bottle,Text_Encoder_LoRA,0.35,6.5,0.02826971933245659,0.001923196017742157,0.8951033353805542,0.20958054065704346,0.07913818210363388,0
bottle,Text_Encoder_LoRA,0.35,7.5,0.028775542974472046,0.001947710639797151,0.8746390342712402,0.24084559082984924,0.07407929003238678,1
bottle,Text_Encoder_LoRA,0.35,7.5,0.02751397155225277,0.0019258714746683836,0.8888164758682251,0.22436010837554932,0.1134440004825592,1
bottle,Text_Encoder_LoRA,0.35,7.5,0.028210310265421867,0.0018004544544965029,0.8605583906173706,0.2365121841430664,0.05105975270271301,1
bottle,Text_Encoder_LoRA,0.35,7.5,0.02524678409099579,0.0014447243884205818,0.8883573412895203,0.2567015290260315,0.04077523574233055,1
bottle,Text_Encoder_LoRA,0.35,7.5,0.028828328475356102,0.0021520841401070356,0.8795343637466431,0.2146860957145691,0.10619033873081207,1
bottle,Text_Encoder_LoRA,0.35,7.5,0.02991875633597374,0.0022529936395585537,0.8783921599388123,0.2219599038362503,0.06268221884965897,1
bottle,Text_Encoder_LoRA,0.35,7.5,0.028885092586278915,0.0020181001164019108,0.8712468147277832,0.24866192042827606,0.08166123926639557,1
bottle,Text_Encoder_LoRA,0.35,7.5,0.026515856385231018,0.0016025140648707747,0.8782863616943359,0.24434314668178558,0.08249697089195251,1
bottle,Text_Encoder_LoRA,0.35,7.5,0.028409769758582115,0.001977331703528762,0.8817543983459473,0.24792295694351196,0.11480599641799927,1
bottle,Text_Encoder_LoRA,0.35,7.5,0.027432240545749664,0.0018047488993033767,0.8836981654167175,0.21502187848091125,0.07046013325452805,1
bottle,Text_Encoder_LoRA,0.35,7.5,0.02598554454743862,0.0015318978112190962,0.8912415504455566,0.2179299145936966,0.05333778262138367,1
bottle,Text_Encoder_LoRA,0.35,7.5,0.028068240731954575,0.0020397312473505735,0.8778834342956543,0.22331368923187256,0.1465175598859787,1
bottle,Text_Encoder_LoRA,0.35,7.5,0.028164174407720566,0.002126718172803521,0.8820209503173828,0.22518885135650635,0.11761218309402466,1
bottle,Text_Encoder_LoRA,0.35,7.5,0.029961999505758286,0.002103529404848814,0.8599522113800049,0.2647944688796997,0.059117160737514496,1
bottle,Text_Encoder_LoRA,0.35,7.5,0.028440892696380615,0.0019554048776626587,0.8847612142562866,0.21786825358867645,0.11777259409427643,1
bottle,Text_Encoder_LoRA,0.35,7.5,0.028826486319303513,0.0020768367685377598,0.8811115026473999,0.23165445029735565,0.09385251998901367,1
bottle,Text_Encoder_LoRA,0.35,7.5,0.027789397165179253,0.0020231211092323065,0.8892421722412109,0.24032214283943176,0.09150735288858414,1
bottle,Text_Encoder_LoRA,0.35,7.5,0.027917077764868736,0.0018942299066111445,0.8722954988479614,0.24382445216178894,0.0855921283364296,1
bottle,Text_Encoder_LoRA,0.35,7.5,0.03121534362435341,0.002417671261355281,0.864642322063446,0.2557089328765869,0.08264680206775665,1
bottle,Text_Encoder_LoRA,0.35,7.5,0.028503593057394028,0.0019491799175739288,0.8797754049301147,0.22067728638648987,0.05523211881518364,1
bottle,Text_Encoder_LoRA,0.35,7.5,0.028334692120552063,0.0019323807209730148,0.8808104991912842,0.2113286256790161,0.07659642398357391,1
bottle,Text_Encoder_LoRA,0.35,7.5,0.028650891035795212,0.002102960366755724,0.8915964961051941,0.2019859403371811,0.09441158920526505,1
bottle,Text_Encoder_LoRA,0.35,7.5,0.030903443694114685,0.002506305929273367,0.8674182295799255,0.22941020131111145,0.14607898890972137,1
bottle,Text_Encoder_LoRA,0.35,7.5,0.030354734510183334,0.0024363596457988024,0.8756049871444702,0.23055186867713928,0.1571490615606308,1
bottle,Text_Encoder_LoRA,0.35,7.5,0.028748374432325363,0.002242725808173418,0.893890380859375,0.21471646428108215,0.08669744431972504,1
bottle,Text_Encoder_LoRA,0.35,7.5,0.028080105781555176,0.001840443117544055,0.8853144645690918,0.2095198631286621,0.06795703619718552,1
bottle,Text_Encoder_LoRA,0.35,7.5,0.028436964377760887,0.002014129888266325,0.8876668810844421,0.22104254364967346,0.09762916713953018,1
bottle,Text_Encoder_LoRA,0.35,7.5,0.027810614556074142,0.001960963476449251,0.8965561389923096,0.20437176525592804,0.10601138323545456,1
bottle,Text_Encoder_LoRA,0.35,7.5,0.02876429259777069,0.001988357864320278,0.868950605392456,0.2192401885986328,0.0746254101395607,1
bottle,Text_Encoder_LoRA,0.35,7.5,0.026847412809729576,0.0018326774006709456,0.8987360000610352,0.19550584256649017,0.10196109861135483,1
bottle,Text_Encoder_LoRA,0.35,7.5,0.028564324602484703,0.002121818019077182,0.8919035792350769,0.2060416340827942,0.07146896421909332,1
bottle,Text_Encoder_LoRA,0.35,7.5,0.02724127285182476,0.0017578410916030407,0.8999273777008057,0.22299736738204956,0.06387626379728317,1
bottle,Text_Encoder_LoRA,0.35,7.5,0.03079933673143387,0.002660849131643772,0.8818928599357605,0.24127911031246185,0.08917088806629181,1
bottle,Text_Encoder_LoRA,0.35,7.5,0.028527993708848953,0.0018967266660183668,0.8756951093673706,0.22889012098312378,0.0915507972240448,1
bottle,Text_Encoder_LoRA,0.35,7.5,0.028420448303222656,0.001923651434481144,0.8802499771118164,0.21956902742385864,0.12495071440935135,1
bottle,Text_Encoder_LoRA,0.35,7.5,0.028371818363666534,0.0020182218868285418,0.8738051652908325,0.21687598526477814,0.08044634759426117,1
bottle,Text_Encoder_LoRA,0.35,7.5,0.02821357175707817,0.0017599834827706218,0.875922679901123,0.22492171823978424,0.04264760762453079,1
bottle,Text_Encoder_LoRA,0.35,7.5,0.029449135065078735,0.0021620772313326597,0.8851982951164246,0.21339184045791626,0.07749559730291367,1
bottle,Text_Encoder_LoRA,0.35,7.5,0.02918061427772045,0.002365273190662265,0.8893628120422363,0.22528573870658875,0.19961439073085785,1
bottle,Text_Encoder_LoRA,0.35,7.5,0.02843068167567253,0.001882307231426239,0.878000020980835,0.22672313451766968,0.09799215942621231,1
bottle,Text_Encoder_LoRA,0.35,7.5,0.02920651063323021,0.0022293347865343094,0.8799353837966919,0.2529226541519165,0.1482972949743271,1
bottle,Text_Encoder_LoRA,0.35,7.5,0.02935430407524109,0.0021297354251146317,0.8857473134994507,0.21135041117668152,0.09207282960414886,1
bottle,Text_Encoder_LoRA,0.35,7.5,0.027499999850988388,0.0016477988101541996,0.8771902322769165,0.20664680004119873,0.07317835092544556,1
bottle,Text_Encoder_LoRA,0.35,7.5,0.026927610859274864,0.0015344072598963976,0.8711971640586853,0.21678638458251953,0.04186166822910309,1
bottle,Text_Encoder_LoRA,0.35,7.5,0.028106719255447388,0.001809978624805808,0.8772074580192566,0.21020063757896423,0.07537964731454849,1
bottle,Text_Encoder_LoRA,0.35,7.5,0.02889634668827057,0.0020998704712837934,0.8782633543014526,0.22940951585769653,0.054968755692243576,1
bottle,Text_Encoder_LoRA,0.35,7.5,0.027194319292902946,0.001608908991329372,0.8958348035812378,0.214926078915596,0.03436266630887985,1
bottle,Text_Encoder_LoRA,0.35,7.5,0.03206583485007286,0.0023585145827382803,0.8558753728866577,0.21349459886550903,0.06925724446773529,1
bottle,Text_Encoder_LoRA,0.35,7.5,0.033239733427762985,0.0023638824932277203,0.8399703502655029,0.23505890369415283,0.04348211735486984,1
bottle,Text_Encoder_LoRA,0.35,7.5,0.03180719539523125,0.002418284770101309,0.8554767966270447,0.23867520689964294,0.07520381361246109,1
bottle,Text_Encoder_LoRA,0.35,7.5,0.026976630091667175,0.001509260619059205,0.8632439970970154,0.2119678258895874,0.07720733433961868,1
bottle,Text_Encoder_LoRA,0.35,7.5,0.027667580172419548,0.0016960300272330642,0.8733386993408203,0.2100229263305664,0.06660051643848419,1
bottle,Text_Encoder_LoRA,0.35,7.5,0.030789902433753014,0.001999516971409321,0.8405187129974365,0.21020808815956116,0.05068257078528404,1
bottle,Text_Encoder_LoRA,0.35,7.5,0.028852209448814392,0.0017960852710530162,0.8755466938018799,0.20852960646152496,0.047857485711574554,1
bottle,Text_Encoder_LoRA,0.35,7.5,0.029986094683408737,0.0019556740298867226,0.8622230291366577,0.2405923306941986,0.09756635129451752,1
bottle,Text_Encoder_LoRA,0.35,7.5,0.027197128161787987,0.0016398101579397917,0.8848729133605957,0.21012230217456818,0.06970712542533875,1
bottle,Text_Encoder_LoRA,0.35,7.5,0.02781885862350464,0.0018820674158632755,0.8882967233657837,0.2156980037689209,0.09289778769016266,1
bottle,Text_Encoder_LoRA,0.35,7.5,0.029148101806640625,0.0018791381735354662,0.864382266998291,0.21450084447860718,0.03937658667564392,1
bottle,Text_Encoder_LoRA,0.35,7.5,0.029360651969909668,0.0020136330276727676,0.8749822974205017,0.21746501326560974,0.10172861069440842,1
bottle,Text_Encoder_LoRA,0.35,7.5,0.031040489673614502,0.002384410472586751,0.8587913513183594,0.22994403541088104,0.07416769117116928,1
bottle,Text_Encoder_LoRA,0.35,7.5,0.027735646814107895,0.002051320392638445,0.9032830595970154,0.2071165293455124,0.10771781951189041,1
bottle,Text_Encoder_LoRA,0.35,7.5,0.028251852840185165,0.0018611664418131113,0.882555365562439,0.2249862551689148,0.0752909854054451,1
bottle,Text_Encoder_LoRA,0.35,7.5,0.029351389035582542,0.0019453829154372215,0.8701614737510681,0.21979232132434845,0.0648937076330185,1
bottle,Text_Encoder_LoRA,0.35,7.5,0.029513556510210037,0.002164459554478526,0.8840035200119019,0.23572781682014465,0.06753280013799667,0
bottle,Text_Encoder_LoRA,0.35,7.5,0.027747130021452904,0.0017526769079267979,0.8899797797203064,0.21936368942260742,0.07736492156982422,0
bottle,Text_Encoder_LoRA,0.35,7.5,0.029631558805704117,0.0021081476006656885,0.8850483298301697,0.22510474920272827,0.07361460477113724,0
bottle,Text_Encoder_LoRA,0.35,7.5,0.02805997058749199,0.001831701723858714,0.8924638628959656,0.20957957208156586,0.07721885293722153,0
bottle,Text_Encoder_LoRA,0.35,7.5,0.02772952988743782,0.001756314537487924,0.8884758949279785,0.20936453342437744,0.046421755105257034,0
bottle,Text_Encoder_LoRA,0.35,7.5,0.028403721749782562,0.001972055993974209,0.8920152187347412,0.21075527369976044,0.07652614265680313,0
bottle,Text_Encoder_LoRA,0.35,7.5,0.029025902971625328,0.0019540968351066113,0.8756543397903442,0.21290720999240875,0.07177262008190155,0
bottle,Text_Encoder_LoRA,0.35,7.5,0.029133891686797142,0.0018732704920694232,0.8823959231376648,0.2242615818977356,0.039549149572849274,0
bottle,Text_Encoder_LoRA,0.35,7.5,0.027886828407645226,0.0018646253738552332,0.9042631983757019,0.19356626272201538,0.08344927430152893,0
bottle,Text_Encoder_LoRA,0.35,7.5,0.027413180097937584,0.0017691676039248705,0.8961371183395386,0.22301658987998962,0.05153163522481918,0
bottle,Text_Encoder_LoRA,0.35,7.5,0.027912303805351257,0.0019392138347029686,0.8891198039054871,0.2166367918252945,0.08768752217292786,0
bottle,Text_Encoder_LoRA,0.35,7.5,0.02856041118502617,0.0018910928629338741,0.8843328356742859,0.22089119255542755,0.07198657840490341,0
bottle,Text_Encoder_LoRA,0.35,7.5,0.02744617871940136,0.0017640178557485342,0.8944594264030457,0.19200177490711212,0.06236467882990837,0
bottle,Text_Encoder_LoRA,0.35,7.5,0.029091089963912964,0.001994950696825981,0.8867313861846924,0.2176038920879364,0.0799686461687088,0
bottle,Text_Encoder_LoRA,0.35,7.5,0.028978509828448296,0.002019781619310379,0.9013490080833435,0.20006757974624634,0.054234132170677185,0
bottle,Text_Encoder_LoRA,0.35,7.5,0.028800247237086296,0.0018568448722362518,0.8873668909072876,0.2075444757938385,0.07132010906934738,0
bottle,Text_Encoder_LoRA,0.35,7.5,0.027628187090158463,0.0017888061702251434,0.8995205760002136,0.20596075057983398,0.0726519525051117,0
bottle,Text_Encoder_LoRA,0.35,7.5,0.028588807210326195,0.0019329062197357416,0.8881030082702637,0.21317915618419647,0.1318507194519043,0
bottle,Text_Encoder_LoRA,0.35,7.5,0.027810875326395035,0.001691452693194151,0.8818180561065674,0.2185972034931183,0.05044388398528099,0
bottle,Text_Encoder_LoRA,0.35,7.5,0.028518151491880417,0.001949767116457224,0.8934013247489929,0.21169640123844147,0.07931464165449142,0
bottle,Text_Encoder_LoRA,0.4,5.5,0.03131362795829773,0.002341611310839653,0.8533045649528503,0.2530389130115509,0.08988548815250397,1
bottle,Text_Encoder_LoRA,0.4,5.5,0.029844388365745544,0.0023412974551320076,0.8673195838928223,0.2285345047712326,0.13652315735816956,1
bottle,Text_Encoder_LoRA,0.4,5.5,0.03049856424331665,0.0021966425701975822,0.8381818532943726,0.25000685453414917,0.10240128636360168,1
bottle,Text_Encoder_LoRA,0.4,5.5,0.02694920264184475,0.0017405751859769225,0.869986891746521,0.2610783576965332,0.0544772706925869,1
bottle,Text_Encoder_LoRA,0.4,5.5,0.03073566034436226,0.0025290390476584435,0.8620346784591675,0.2242693305015564,0.13853995501995087,1
bottle,Text_Encoder_LoRA,0.4,5.5,0.0314132496714592,0.002551649697124958,0.8674507141113281,0.2276315838098526,0.06375110894441605,1
bottle,Text_Encoder_LoRA,0.4,5.5,0.030661091208457947,0.0024771499447524548,0.8537914156913757,0.2380448281764984,0.10378427058458328,1
bottle,Text_Encoder_LoRA,0.4,5.5,0.028275011107325554,0.0018977693980559707,0.8623318076133728,0.250792533159256,0.09285851567983627,1
bottle,Text_Encoder_LoRA,0.4,5.5,0.029986662790179253,0.002365363761782646,0.866753101348877,0.23946960270404816,0.13342179358005524,1
bottle,Text_Encoder_LoRA,0.4,5.5,0.02894371561706066,0.002103818114846945,0.8699417114257812,0.21111194789409637,0.08194248378276825,1
bottle,Text_Encoder_LoRA,0.4,5.5,0.028576722368597984,0.0018388854805380106,0.8680102229118347,0.22946403920650482,0.04289950430393219,1
bottle,Text_Encoder_LoRA,0.4,5.5,0.029689615592360497,0.002377983881160617,0.8604196310043335,0.22604303061962128,0.18670691549777985,1
bottle,Text_Encoder_LoRA,0.4,5.5,0.030393213033676147,0.002567824674770236,0.8641620874404907,0.23505833745002747,0.14982226490974426,1
bottle,Text_Encoder_LoRA,0.4,5.5,0.03177671507000923,0.0025187742430716753,0.8381952047348022,0.2679020166397095,0.08349164575338364,1
bottle,Text_Encoder_LoRA,0.4,5.5,0.030785001814365387,0.002355248434469104,0.8641495704650879,0.22349147498607635,0.13760656118392944,1
bottle,Text_Encoder_LoRA,0.4,5.5,0.031223114579916,0.0024714216124266386,0.8613921999931335,0.22898882627487183,0.09891805052757263,1
bottle,Text_Encoder_LoRA,0.4,5.5,0.030360709875822067,0.002485956996679306,0.8682219386100769,0.2555622458457947,0.11819757521152496,1
bottle,Text_Encoder_LoRA,0.4,5.5,0.030033325776457787,0.002294792328029871,0.8489420413970947,0.23976652324199677,0.12160926312208176,1
bottle,Text_Encoder_LoRA,0.4,5.5,0.03401806205511093,0.0029111113399267197,0.842472493648529,0.26581645011901855,0.0840858593583107,1
bottle,Text_Encoder_LoRA,0.4,5.5,0.031027931720018387,0.002330961637198925,0.8640923500061035,0.23475059866905212,0.06140768155455589,1
bottle,Text_Encoder_LoRA,0.4,5.5,0.029522528871893883,0.0022150534205138683,0.867841899394989,0.2072058618068695,0.09526173025369644,1
bottle,Text_Encoder_LoRA,0.4,5.5,0.03046901524066925,0.0024465196765959263,0.8787846565246582,0.20511627197265625,0.09862401336431503,1
bottle,Text_Encoder_LoRA,0.4,5.5,0.03304627165198326,0.0028855116106569767,0.8501774072647095,0.23892158269882202,0.17310884594917297,1
bottle,Text_Encoder_LoRA,0.4,5.5,0.0322880744934082,0.002937012817710638,0.8569306135177612,0.22461242973804474,0.2293270230293274,1
bottle,Text_Encoder_LoRA,0.4,5.5,0.02991485595703125,0.002557280706241727,0.8858451247215271,0.21176770329475403,0.09999018162488937,1
bottle,Text_Encoder_LoRA,0.4,5.5,0.030117608606815338,0.002124893944710493,0.8710500001907349,0.21964168548583984,0.06721830368041992,1
bottle,Text_Encoder_LoRA,0.4,5.5,0.02993444725871086,0.0023081188555806875,0.8750691413879395,0.2208063155412674,0.12322437763214111,1
bottle,Text_Encoder_LoRA,0.4,5.5,0.02952214889228344,0.0023093882482498884,0.8828701376914978,0.2045525759458542,0.1280164122581482,1
bottle,Text_Encoder_LoRA,0.4,5.5,0.03031035326421261,0.002308628289029002,0.8525108098983765,0.21435870230197906,0.0921434536576271,1
bottle,Text_Encoder_LoRA,0.4,5.5,0.028081417083740234,0.0021019503474235535,0.88987135887146,0.1984320729970932,0.12719221413135529,1
bottle,Text_Encoder_LoRA,0.4,5.5,0.03015984408557415,0.002393874106928706,0.8827983140945435,0.21461743116378784,0.0865204781293869,1
bottle,Text_Encoder_LoRA,0.4,5.5,0.02889128029346466,0.002095797099173069,0.8858879804611206,0.22374790906906128,0.08494219928979874,1
bottle,Text_Encoder_LoRA,0.4,5.5,0.03267163783311844,0.0031314860098063946,0.8664478659629822,0.23890094459056854,0.11915115267038345,1
bottle,Text_Encoder_LoRA,0.4,5.5,0.03056364320218563,0.0022488541435450315,0.8595976829528809,0.23081006109714508,0.10144197195768356,1
bottle,Text_Encoder_LoRA,0.4,5.5,0.030736923217773438,0.0023008391726762056,0.8618296384811401,0.227736696600914,0.16891762614250183,1
bottle,Text_Encoder_LoRA,0.4,5.5,0.03015432506799698,0.0023887730203568935,0.8564200401306152,0.2203729748725891,0.0845523476600647,1
bottle,Text_Encoder_LoRA,0.4,5.5,0.029940856620669365,0.0020082457922399044,0.8618104457855225,0.23138228058815002,0.044818174093961716,1
bottle,Text_Encoder_LoRA,0.4,5.5,0.03145011514425278,0.002516880165785551,0.8705441355705261,0.21793124079704285,0.10011045634746552,1
bottle,Text_Encoder_LoRA,0.4,5.5,0.031014196574687958,0.0028778284322470427,0.8732430934906006,0.22022992372512817,0.27986404299736023,1
bottle,Text_Encoder_LoRA,0.4,5.5,0.030350035056471825,0.0022323918528854847,0.863102912902832,0.23252850770950317,0.10779546946287155,1
bottle,Text_Encoder_LoRA,0.4,5.5,0.03167976066470146,0.0027190919499844313,0.8583135604858398,0.256991446018219,0.1975799798965454,1
bottle,Text_Encoder_LoRA,0.4,5.5,0.0312810018658638,0.00253714295104146,0.871396541595459,0.2107774019241333,0.11179518699645996,1
bottle,Text_Encoder_LoRA,0.4,5.5,0.029891034588217735,0.002010220428928733,0.8544713854789734,0.20759937167167664,0.09139687567949295,1
bottle,Text_Encoder_LoRA,0.4,5.5,0.028542812913656235,0.0018067453056573868,0.8533622026443481,0.21844595670700073,0.05047141760587692,1
bottle,Text_Encoder_LoRA,0.4,5.5,0.030299242585897446,0.0021270993165671825,0.8571124076843262,0.21548227965831757,0.08289342373609543,1
bottle,Text_Encoder_LoRA,0.4,5.5,0.03108619712293148,0.0025948225520551205,0.857937216758728,0.23061436414718628,0.08218499273061752,1
bottle,Text_Encoder_LoRA,0.4,5.5,0.029486294835805893,0.00196262588724494,0.8787728548049927,0.22996053099632263,0.0482599250972271,1
bottle,Text_Encoder_LoRA,0.4,5.5,0.03484482690691948,0.002782608149573207,0.8319188952445984,0.22092363238334656,0.07917694002389908,1
bottle,Text_Encoder_LoRA,0.4,5.5,0.034386053681373596,0.0026925622951239347,0.8274208903312683,0.22011980414390564,0.05904397740960121,1
bottle,Text_Encoder_LoRA,0.4,5.5,0.03453255072236061,0.002931809751316905,0.8323156833648682,0.24764549732208252,0.1000581607222557,1
bottle,Text_Encoder_LoRA,0.4,5.5,0.027775894850492477,0.0016707628965377808,0.854957103729248,0.20901347696781158,0.08368577808141708,1
bottle,Text_Encoder_LoRA,0.4,5.5,0.029553409665822983,0.0020273588597774506,0.8494601249694824,0.20824654400348663,0.09171317517757416,1
bottle,Text_Encoder_LoRA,0.4,5.5,0.03292716667056084,0.002349318703636527,0.8188561201095581,0.2192358672618866,0.07633370906114578,1
bottle,Text_Encoder_LoRA,0.4,5.5,0.030706927180290222,0.0020888210274279118,0.8573300242424011,0.21788635849952698,0.06694987416267395,1
bottle,Text_Encoder_LoRA,0.4,5.5,0.03194810450077057,0.0024256808683276176,0.8279697299003601,0.23232802748680115,0.12343139946460724,1
bottle,Text_Encoder_LoRA,0.4,5.5,0.029403477907180786,0.001963868271559477,0.8652660250663757,0.21890270709991455,0.08320850133895874,1
bottle,Text_Encoder_LoRA,0.4,5.5,0.02971811220049858,0.0022360938601195812,0.8750103712081909,0.2224057912826538,0.12715640664100647,1
bottle,Text_Encoder_LoRA,0.4,5.5,0.031216515228152275,0.0021780934184789658,0.8451818227767944,0.22130855917930603,0.046194661408662796,1
bottle,Text_Encoder_LoRA,0.4,5.5,0.03178241103887558,0.0023755566217005253,0.8537708520889282,0.22853147983551025,0.11198853701353073,1
bottle,Text_Encoder_LoRA,0.4,5.5,0.03313653543591499,0.0028348038904368877,0.8387088179588318,0.23129954934120178,0.10333430767059326,1
bottle,Text_Encoder_LoRA,0.4,5.5,0.029165422543883324,0.002358793281018734,0.8918320536613464,0.20842379331588745,0.13622933626174927,1
bottle,Text_Encoder_LoRA,0.4,5.5,0.030363937839865685,0.002198826288804412,0.8671568632125854,0.23221750557422638,0.09014096856117249,1
bottle,Text_Encoder_LoRA,0.4,5.5,0.031224951148033142,0.002258621621876955,0.8471385836601257,0.2213309407234192,0.08232951164245605,1
bottle,Text_Encoder_LoRA,0.4,5.5,0.031450141221284866,0.002589717274531722,0.8722001314163208,0.23336178064346313,0.07307329028844833,0
bottle,Text_Encoder_LoRA,0.4,5.5,0.029137611389160156,0.002022269880399108,0.8788285255432129,0.2158185839653015,0.10494622588157654,0
bottle,Text_Encoder_LoRA,0.4,5.5,0.031061388552188873,0.002421176992356777,0.8731708526611328,0.2170400321483612,0.08140019327402115,0
bottle,Text_Encoder_LoRA,0.4,5.5,0.029805799946188927,0.002110330853611231,0.8770002126693726,0.21455566585063934,0.09693366289138794,0
bottle,Text_Encoder_LoRA,0.4,5.5,0.02895410917699337,0.0019834493286907673,0.8768943548202515,0.21098656952381134,0.05337477847933769,0
bottle,Text_Encoder_LoRA,0.4,5.5,0.029790502041578293,0.002267388626933098,0.8805426359176636,0.2046663463115692,0.0964704155921936,0
bottle,Text_Encoder_LoRA,0.4,5.5,0.03075486049056053,0.002267757197842002,0.8605765104293823,0.21878430247306824,0.06921631842851639,0
bottle,Text_Encoder_LoRA,0.4,5.5,0.031467683613300323,0.0022505479864776134,0.8670265078544617,0.23229996860027313,0.04385092481970787,0
bottle,Text_Encoder_LoRA,0.4,5.5,0.029780616983771324,0.002186346799135208,0.8928620219230652,0.20399855077266693,0.0970480889081955,0
bottle,Text_Encoder_LoRA,0.4,5.5,0.028629139065742493,0.002026942791417241,0.8850469589233398,0.22149506211280823,0.058976996690034866,0
bottle,Text_Encoder_LoRA,0.4,5.5,0.029737120494246483,0.0022722973953932524,0.8757464289665222,0.2178356647491455,0.09379405528306961,0
bottle,Text_Encoder_LoRA,0.4,5.5,0.030045470222830772,0.0021798573434352875,0.8738113641738892,0.21756204962730408,0.0840810015797615,0
bottle,Text_Encoder_LoRA,0.4,5.5,0.029280586168169975,0.002090602181851864,0.8832876086235046,0.1952197402715683,0.07989734411239624,0
bottle,Text_Encoder_LoRA,0.4,5.5,0.03112117014825344,0.0023211443331092596,0.8746312856674194,0.21984390914440155,0.10523626208305359,0
bottle,Text_Encoder_LoRA,0.4,5.5,0.03099261038005352,0.002357549499720335,0.8874813318252563,0.2049979269504547,0.06307651102542877,0
bottle,Text_Encoder_LoRA,0.4,5.5,0.03126935288310051,0.002256023697555065,0.869217038154602,0.21469557285308838,0.07714523375034332,0
bottle,Text_Encoder_LoRA,0.4,5.5,0.029564401134848595,0.0021412563510239124,0.8857393264770508,0.21048389375209808,0.10983215272426605,0
bottle,Text_Encoder_LoRA,0.4,5.5,0.030528314411640167,0.00223264517262578,0.8737661242485046,0.22248908877372742,0.1163116917014122,0
bottle,Text_Encoder_LoRA,0.4,5.5,0.029505595564842224,0.0019652340561151505,0.8686195611953735,0.2252180278301239,0.059726715087890625,0
bottle,Text_Encoder_LoRA,0.4,5.5,0.030748635530471802,0.0023330766707658768,0.8790155649185181,0.2203420102596283,0.10014087706804276,0
bottle,Text_Encoder_LoRA,0.4,6.5,0.03159836679697037,0.002375891897827387,0.8519034385681152,0.2544839382171631,0.08930662274360657,1
bottle,Text_Encoder_LoRA,0.4,6.5,0.030014246702194214,0.00236356258392334,0.866590678691864,0.2291514128446579,0.1353299766778946,1
bottle,Text_Encoder_LoRA,0.4,6.5,0.03077804669737816,0.0022270716726779938,0.8369941115379333,0.252566933631897,0.10436441749334335,1
bottle,Text_Encoder_LoRA,0.4,6.5,0.027043264359235764,0.001762996893376112,0.8705970644950867,0.2594304084777832,0.05830829590559006,1
bottle,Text_Encoder_LoRA,0.4,6.5,0.030912693589925766,0.002562090288847685,0.8608027696609497,0.22651970386505127,0.14204424619674683,1
bottle,Text_Encoder_LoRA,0.4,6.5,0.031826816499233246,0.0026245887856930494,0.8652095794677734,0.22930191457271576,0.06548625975847244,1
bottle,Text_Encoder_LoRA,0.4,6.5,0.03076750598847866,0.002508982550352812,0.8526551723480225,0.23811332881450653,0.1059110015630722,1
bottle,Text_Encoder_LoRA,0.4,6.5,0.028425704687833786,0.0019161517266184092,0.8626992702484131,0.25134843587875366,0.0935172364115715,1
bottle,Text_Encoder_LoRA,0.4,6.5,0.03022269904613495,0.0024143231566995382,0.8644053936004639,0.2420741468667984,0.13488219678401947,1
bottle,Text_Encoder_LoRA,0.4,6.5,0.029357094317674637,0.0021485344041138887,0.8678932189941406,0.2163882553577423,0.08059439063072205,1
bottle,Text_Encoder_LoRA,0.4,6.5,0.02856632135808468,0.0018466220935806632,0.8674787878990173,0.22889363765716553,0.04441537708044052,1
bottle,Text_Encoder_LoRA,0.4,6.5,0.030102770775556564,0.002426791237667203,0.8580280542373657,0.2305351346731186,0.18757721781730652,1
bottle,Text_Encoder_LoRA,0.4,6.5,0.03071734309196472,0.002605277579277754,0.862647533416748,0.23922857642173767,0.14883235096931458,1
bottle,Text_Encoder_LoRA,0.4,6.5,0.03203865885734558,0.0025533009320497513,0.8368059992790222,0.27121996879577637,0.08442577719688416,1
bottle,Text_Encoder_LoRA,0.4,6.5,0.031099706888198853,0.002404331462457776,0.8619718551635742,0.22767171263694763,0.1467500776052475,1
bottle,Text_Encoder_LoRA,0.4,6.5,0.031540077179670334,0.0025111089926213026,0.8602111339569092,0.2317163497209549,0.09921493381261826,1
bottle,Text_Encoder_LoRA,0.4,6.5,0.030663181096315384,0.0025260872207581997,0.8667691946029663,0.25759994983673096,0.11772029846906662,1
bottle,Text_Encoder_LoRA,0.4,6.5,0.030210329219698906,0.0023147170431911945,0.8468950986862183,0.24046260118484497,0.1241205632686615,1
bottle,Text_Encoder_LoRA,0.4,6.5,0.034410618245601654,0.002984532155096531,0.8407597541809082,0.2688339352607727,0.08556126803159714,1
bottle,Text_Encoder_LoRA,0.4,6.5,0.031217098236083984,0.002357207238674164,0.8634076118469238,0.23683659732341766,0.05994598567485809,1
bottle,Text_Encoder_LoRA,0.4,6.5,0.029886383563280106,0.002254131715744734,0.8649404048919678,0.2109631896018982,0.09589610993862152,1
bottle,Text_Encoder_LoRA,0.4,6.5,0.030874107033014297,0.0024844943545758724,0.8768560886383057,0.2097201645374298,0.0983031690120697,1
bottle,Text_Encoder_LoRA,0.4,6.5,0.03344101458787918,0.002938592806458473,0.8478671908378601,0.2412552535533905,0.1720961481332779,1
bottle,Text_Encoder_LoRA,0.4,6.5,0.03266330063343048,0.0029728924855589867,0.8533955812454224,0.22647683322429657,0.23200803995132446,1
bottle,Text_Encoder_LoRA,0.4,6.5,0.03027465008199215,0.0025949906557798386,0.8835965394973755,0.21531444787979126,0.0986117348074913,1
bottle,Text_Encoder_LoRA,0.4,6.5,0.030449029058218002,0.00217452528886497,0.8690470457077026,0.2217135727405548,0.0675378143787384,1
bottle,Text_Encoder_LoRA,0.4,6.5,0.03025028668344021,0.002360864542424679,0.8733891844749451,0.2233809530735016,0.12266689538955688,1
bottle,Text_Encoder_LoRA,0.4,6.5,0.029965046793222427,0.0023740907199680805,0.8802357912063599,0.2071792334318161,0.12985014915466309,1
bottle,Text_Encoder_LoRA,0.4,6.5,0.030677925795316696,0.002358161611482501,0.8508917689323425,0.21574345231056213,0.09226656705141068,1
bottle,Text_Encoder_LoRA,0.4,6.5,0.028221314772963524,0.0021178871393203735,0.8887321352958679,0.2015201896429062,0.1333124041557312,1
bottle,Text_Encoder_LoRA,0.4,6.5,0.030527755618095398,0.002445721533149481,0.8799505233764648,0.21703970432281494,0.08815710246562958,1
bottle,Text_Encoder_LoRA,0.4,6.5,0.02940136194229126,0.0021598925814032555,0.8833786249160767,0.22824415564537048,0.08589857071638107,1
bottle,Text_Encoder_LoRA,0.4,6.5,0.033124737441539764,0.0032118926756083965,0.8643004298210144,0.24360391497612,0.11883843690156937,1
bottle,Text_Encoder_LoRA,0.4,6.5,0.030978938564658165,0.002309378469362855,0.8564116358757019,0.23306667804718018,0.1016053631901741,1
bottle,Text_Encoder_LoRA,0.4,6.5,0.03106464073061943,0.0023490311577916145,0.8595998287200928,0.2286110520362854,0.17008985579013824,1
bottle,Text_Encoder_LoRA,0.4,6.5,0.030345182865858078,0.0023878812789916992,0.8558292388916016,0.22228141129016876,0.08560051023960114,1
bottle,Text_Encoder_LoRA,0.4,6.5,0.030378282070159912,0.002063183579593897,0.8589016795158386,0.23423683643341064,0.04542924463748932,1
bottle,Text_Encoder_LoRA,0.4,6.5,0.0318196564912796,0.00256300694309175,0.868105411529541,0.22118258476257324,0.09945260733366013,1
bottle,Text_Encoder_LoRA,0.4,6.5,0.03130800276994705,0.00291012367233634,0.871526837348938,0.2226957380771637,0.2838847041130066,1
bottle,Text_Encoder_LoRA,0.4,6.5,0.03081468865275383,0.0022936624009162188,0.8606307506561279,0.23614004254341125,0.10918258875608444,1
bottle,Text_Encoder_LoRA,0.4,6.5,0.03233965486288071,0.002815134823322296,0.8551400899887085,0.26362934708595276,0.19952985644340515,1
bottle,Text_Encoder_LoRA,0.4,6.5,0.03165138512849808,0.0025997585617005825,0.8702260851860046,0.21256233751773834,0.11265578120946884,1
bottle,Text_Encoder_LoRA,0.4,6.5,0.03022649884223938,0.0020570033229887486,0.8528501391410828,0.20855426788330078,0.08976022154092789,1
bottle,Text_Encoder_LoRA,0.4,6.5,0.028958220034837723,0.0018529696390032768,0.8500534892082214,0.22179096937179565,0.05085134878754616,1
bottle,Text_Encoder_LoRA,0.4,6.5,0.03066771849989891,0.002183631993830204,0.8545268774032593,0.21781110763549805,0.08423011004924774,1
bottle,Text_Encoder_LoRA,0.4,6.5,0.03142353892326355,0.002628609072417021,0.8556858897209167,0.23463040590286255,0.07940752804279327,1
bottle,Text_Encoder_LoRA,0.4,6.5,0.029606573283672333,0.0019677714444696903,0.878494381904602,0.23034939169883728,0.050381653010845184,1
bottle,Text_Encoder_LoRA,0.4,6.5,0.035292766988277435,0.002853618934750557,0.8280064463615417,0.2236025333404541,0.07875403761863708,1
bottle,Text_Encoder_LoRA,0.4,6.5,0.034477733075618744,0.002694199327379465,0.8268657922744751,0.21881747245788574,0.06043679639697075,1
bottle,Text_Encoder_LoRA,0.4,6.5,0.03489486128091812,0.0029879033099859953,0.8309500217437744,0.25163382291793823,0.10140124708414078,1
bottle,Text_Encoder_LoRA,0.4,6.5,0.0283270962536335,0.0017257638974115252,0.851140022277832,0.21252714097499847,0.08298841863870621,1
bottle,Text_Encoder_LoRA,0.4,6.5,0.029997289180755615,0.002081026788800955,0.8455365896224976,0.21185821294784546,0.09422243386507034,1
bottle,Text_Encoder_LoRA,0.4,6.5,0.033185310661792755,0.0023917262442409992,0.8164989352226257,0.22111865878105164,0.07559599727392197,1
bottle,Text_Encoder_LoRA,0.4,6.5,0.030998211354017258,0.002130814827978611,0.8563832640647888,0.22046500444412231,0.06705677509307861,1
bottle,Text_Encoder_LoRA,0.4,6.5,0.03231620043516159,0.002475467510521412,0.8245686888694763,0.23430047929286957,0.12358422577381134,1
bottle,Text_Encoder_LoRA,0.4,6.5,0.02976907789707184,0.002006706316024065,0.862519383430481,0.2216775119304657,0.08388905972242355,1
bottle,Text_Encoder_LoRA,0.4,6.5,0.03008892759680748,0.002287540351971984,0.8730484843254089,0.22385521233081818,0.12719185650348663,1
bottle,Text_Encoder_LoRA,0.4,6.5,0.03163805231451988,0.0022395835258066654,0.84190434217453,0.22364602982997894,0.05046485736966133,1
bottle,Text_Encoder_LoRA,0.4,6.5,0.03207199275493622,0.0024205173831433058,0.8521811962127686,0.2298918217420578,0.11661338806152344,1
bottle,Text_Encoder_LoRA,0.4,6.5,0.03370283171534538,0.002948003588244319,0.8358180522918701,0.23440691828727722,0.11400598287582397,1
bottle,Text_Encoder_LoRA,0.4,6.5,0.029488010331988335,0.002400102326646447,0.8893172144889832,0.2121909260749817,0.13660770654678345,1
bottle,Text_Encoder_LoRA,0.4,6.5,0.030700791627168655,0.002238903660327196,0.8657236099243164,0.23371708393096924,0.08913900703191757,1
bottle,Text_Encoder_LoRA,0.4,6.5,0.03150556981563568,0.002301884815096855,0.847805380821228,0.22418418526649475,0.08311710506677628,1
bottle,Text_Encoder_LoRA,0.4,6.5,0.032047659158706665,0.002671594498679042,0.8687855005264282,0.2417432814836502,0.07746651023626328,0
bottle,Text_Encoder_LoRA,0.4,6.5,0.029715754091739655,0.002081735525280237,0.8752206563949585,0.22266128659248352,0.10509508848190308,0
bottle,Text_Encoder_LoRA,0.4,6.5,0.031669244170188904,0.0024917488917708397,0.8698645830154419,0.22412727773189545,0.08239949494600296,0
bottle,Text_Encoder_LoRA,0.4,6.5,0.030228447169065475,0.0021647659596055746,0.8741573691368103,0.21747995913028717,0.09721913933753967,0
bottle,Text_Encoder_LoRA,0.4,6.5,0.029414912685751915,0.0020384094677865505,0.8740084171295166,0.21497970819473267,0.052923012524843216,0
bottle,Text_Encoder_LoRA,0.4,6.5,0.030519474297761917,0.002361288294196129,0.8773123025894165,0.2136412262916565,0.10387943685054779,0
bottle,Text_Encoder_LoRA,0.4,6.5,0.03123495727777481,0.0023156749084591866,0.8570429682731628,0.2223072052001953,0.07210353016853333,0
bottle,Text_Encoder_LoRA,0.4,6.5,0.03191171959042549,0.0023046480491757393,0.8646835088729858,0.23706470429897308,0.043092936277389526,0
bottle,Text_Encoder_LoRA,0.4,6.5,0.03019583784043789,0.0022428110241889954,0.8912333250045776,0.2068594992160797,0.09529754519462585,0
bottle,Text_Encoder_LoRA,0.4,6.5,0.02903318777680397,0.002072568517178297,0.8834885358810425,0.22739478945732117,0.059381596744060516,0
bottle,Text_Encoder_LoRA,0.4,6.5,0.0300387442111969,0.0023094036150723696,0.8743369579315186,0.22176997363567352,0.09397069364786148,0
bottle,Text_Encoder_LoRA,0.4,6.5,0.030412063002586365,0.0022159430664032698,0.8712829947471619,0.22155098617076874,0.08467990905046463,0
bottle,Text_Encoder_LoRA,0.4,6.5,0.029704347252845764,0.002141615841537714,0.8806188106536865,0.19877780973911285,0.07993514090776443,0
bottle,Text_Encoder_LoRA,0.4,6.5,0.03152036294341087,0.0023877788335084915,0.8736395835876465,0.22090207040309906,0.10508165508508682,0
bottle,Text_Encoder_LoRA,0.4,6.5,0.03139355406165123,0.0024266806431114674,0.8866316676139832,0.20723381638526917,0.06445939838886261,0
bottle,Text_Encoder_LoRA,0.4,6.5,0.03163745626807213,0.002312698634341359,0.8673209547996521,0.21605032682418823,0.0776159018278122,0
bottle,Text_Encoder_LoRA,0.4,6.5,0.030010757967829704,0.0022096908651292324,0.8832050561904907,0.21230565011501312,0.11577769368886948,0
bottle,Text_Encoder_LoRA,0.4,6.5,0.031058330088853836,0.0023066529538482428,0.8707289099693298,0.2255007028579712,0.1191054955124855,0
bottle,Text_Encoder_LoRA,0.4,6.5,0.029958639293909073,0.0020193408709019423,0.866173505783081,0.22777390480041504,0.06158442422747612,0
bottle,Text_Encoder_LoRA,0.4,6.5,0.031156428158283234,0.0023820195347070694,0.8766483664512634,0.22340556979179382,0.10035362094640732,0
bottle,Text_Encoder_LoRA,0.4,7.5,0.03187946230173111,0.00241530011408031,0.8503408432006836,0.25497904419898987,0.08879057317972183,1
bottle,Text_Encoder_LoRA,0.4,7.5,0.03021077811717987,0.0023887609131634235,0.8653806447982788,0.23069754242897034,0.13457593321800232,1
bottle,Text_Encoder_LoRA,0.4,7.5,0.03104359470307827,0.0022621541284024715,0.8358335494995117,0.2539232075214386,0.10661515593528748,1
bottle,Text_Encoder_LoRA,0.4,7.5,0.027227958664298058,0.001797146163880825,0.869918942451477,0.26022398471832275,0.06139442324638367,1
bottle,Text_Encoder_LoRA,0.4,7.5,0.0311737023293972,0.00260169617831707,0.8590644598007202,0.22882981598377228,0.14502494037151337,1
bottle,Text_Encoder_LoRA,0.4,7.5,0.03233221173286438,0.0027127894572913647,0.8624191284179688,0.23051345348358154,0.0667586550116539,1
bottle,Text_Encoder_LoRA,0.4,7.5,0.03090442717075348,0.0025388102512806654,0.8515920639038086,0.23854759335517883,0.1077912226319313,1
bottle,Text_Encoder_LoRA,0.4,7.5,0.028616784140467644,0.0019413160625845194,0.8630102872848511,0.25130558013916016,0.09398853778839111,1
bottle,Text_Encoder_LoRA,0.4,7.5,0.030449863523244858,0.0024583288468420506,0.8622021079063416,0.2452598661184311,0.13639040291309357,1
bottle,Text_Encoder_LoRA,0.4,7.5,0.02976696752011776,0.0021985983476042747,0.8656855821609497,0.2204209715127945,0.07956934720277786,1
bottle,Text_Encoder_LoRA,0.4,7.5,0.028648316860198975,0.001866626087576151,0.8664631843566895,0.22831255197525024,0.04960004240274429,1
bottle,Text_Encoder_LoRA,0.4,7.5,0.030441388487815857,0.0024732695892453194,0.8562303781509399,0.23238742351531982,0.1897692084312439,1
bottle,Text_Encoder_LoRA,0.4,7.5,0.031003257259726524,0.0026344226207584143,0.8616132736206055,0.2428978681564331,0.14784269034862518,1
bottle,Text_Encoder_LoRA,0.4,7.5,0.03231624513864517,0.002593931509181857,0.8351635336875916,0.2759466767311096,0.08525793999433517,1
bottle,Text_Encoder_LoRA,0.4,7.5,0.03150017559528351,0.0024492270313203335,0.8593254089355469,0.2313205450773239,0.1465148776769638,1
bottle,Text_Encoder_LoRA,0.4,7.5,0.03191886469721794,0.002548668999224901,0.8588868379592896,0.2345167100429535,0.0991542711853981,1
bottle,Text_Encoder_LoRA,0.4,7.5,0.031017571687698364,0.002576859900727868,0.8650099039077759,0.2604929506778717,0.11728022247552872,1
bottle,Text_Encoder_LoRA,0.4,7.5,0.03043777495622635,0.002335144206881523,0.8451478481292725,0.24021480977535248,0.12755440175533295,1
bottle,Text_Encoder_LoRA,0.4,7.5,0.03471161425113678,0.0030527773778885603,0.8394142389297485,0.27185511589050293,0.08667551726102829,1
bottle,Text_Encoder_LoRA,0.4,7.5,0.031460583209991455,0.0023901830427348614,0.8621892929077148,0.23903003334999084,0.06038351729512215,1
bottle,Text_Encoder_LoRA,0.4,7.5,0.030279364436864853,0.002294836100190878,0.8619710206985474,0.2164885699748993,0.09573189914226532,1
bottle,Text_Encoder_LoRA,0.4,7.5,0.03119063191115856,0.0025188461877405643,0.8749938011169434,0.21262764930725098,0.09811029583215714,1
bottle,Text_Encoder_LoRA,0.4,7.5,0.0337873175740242,0.0029855710454285145,0.8464965224266052,0.2435452938079834,0.17038139700889587,1
bottle,Text_Encoder_LoRA,0.4,7.5,0.032991673797369,0.003020685166120529,0.8501781225204468,0.2301335632801056,0.23393620550632477,1
bottle,Text_Encoder_LoRA,0.4,7.5,0.030601680278778076,0.002621568739414215,0.8822647333145142,0.21870000660419464,0.0982108935713768,1
bottle,Text_Encoder_LoRA,0.4,7.5,0.030800005421042442,0.0022277391981333494,0.8668829202651978,0.2237323522567749,0.06781422346830368,1
bottle,Text_Encoder_LoRA,0.4,7.5,0.030631955713033676,0.0024182938504964113,0.8715526461601257,0.22515907883644104,0.12143194675445557,1
bottle,Text_Encoder_LoRA,0.4,7.5,0.03044990822672844,0.0024313582107424736,0.878148078918457,0.21136143803596497,0.12897172570228577,1
bottle,Text_Encoder_LoRA,0.4,7.5,0.03096606396138668,0.0024022096768021584,0.8493613600730896,0.21611124277114868,0.09260042756795883,1
bottle,Text_Encoder_LoRA,0.4,7.5,0.02847016416490078,0.0021370926406234503,0.8873540163040161,0.20468950271606445,0.13639935851097107,1
bottle,Text_Encoder_LoRA,0.4,7.5,0.030968043953180313,0.0025016716681420803,0.8768534064292908,0.2194027453660965,0.08949504792690277,1
bottle,Text_Encoder_LoRA,0.4,7.5,0.029840975999832153,0.0022262553684413433,0.8807415962219238,0.23221059143543243,0.08811362087726593,1
bottle,Text_Encoder_LoRA,0.4,7.5,0.033626846969127655,0.003297931980341673,0.8620586395263672,0.24906200170516968,0.11870279908180237,1
bottle,Text_Encoder_LoRA,0.4,7.5,0.03147461637854576,0.0023795990273356438,0.8524825572967529,0.23616817593574524,0.10165709257125854,1
bottle,Text_Encoder_LoRA,0.4,7.5,0.03145642578601837,0.002404193626716733,0.8586245775222778,0.2311987280845642,0.16828951239585876,1
bottle,Text_Encoder_LoRA,0.4,7.5,0.03049909695982933,0.002388534601777792,0.8551621437072754,0.22366660833358765,0.08665669709444046,1
bottle,Text_Encoder_LoRA,0.4,7.5,0.030824575573205948,0.0021195942535996437,0.8558634519577026,0.2377205640077591,0.04828447848558426,1
bottle,Text_Encoder_LoRA,0.4,7.5,0.03234526515007019,0.002618181984871626,0.8651531934738159,0.2275182455778122,0.09824737906455994,1
bottle,Text_Encoder_LoRA,0.4,7.5,0.031589191406965256,0.002947453176602721,0.8701273202896118,0.22526133060455322,0.2866128385066986,1
bottle,Text_Encoder_LoRA,0.4,7.5,0.031140092760324478,0.0023473964538425207,0.85845947265625,0.23806016147136688,0.11007203161716461,1
bottle,Text_Encoder_LoRA,0.4,7.5,0.032952409237623215,0.002890758914873004,0.851677656173706,0.26973479986190796,0.20017102360725403,1
bottle,Text_Encoder_LoRA,0.4,7.5,0.032164059579372406,0.002667815890163183,0.8684152364730835,0.21619872748851776,0.11249992251396179,1
bottle,Text_Encoder_LoRA,0.4,7.5,0.03062564879655838,0.0021082840394228697,0.8508234024047852,0.21008075773715973,0.08856064826250076,1
bottle,Text_Encoder_LoRA,0.4,7.5,0.02947406843304634,0.0018901953008025885,0.8470302820205688,0.22873038053512573,0.05040908232331276,1
bottle,Text_Encoder_LoRA,0.4,7.5,0.030988484621047974,0.0022370819933712482,0.8521651029586792,0.2197408825159073,0.08526016026735306,1
bottle,Text_Encoder_LoRA,0.4,7.5,0.03166546672582626,0.0026604472659528255,0.8539505004882812,0.2362898737192154,0.07709259539842606,1
bottle,Text_Encoder_LoRA,0.4,7.5,0.02969656139612198,0.0019790909718722105,0.8776252269744873,0.23040422797203064,0.05203016847372055,1
bottle,Text_Encoder_LoRA,0.4,7.5,0.03578115254640579,0.0029379534535109997,0.8236163854598999,0.22637736797332764,0.0792912021279335,1
bottle,Text_Encoder_LoRA,0.4,7.5,0.03447658568620682,0.002714180387556553,0.8265393972396851,0.21899867057800293,0.05905384570360184,1
bottle,Text_Encoder_LoRA,0.4,7.5,0.03524494916200638,0.0030474220402538776,0.8296686410903931,0.2542693018913269,0.10383757948875427,1
bottle,Text_Encoder_LoRA,0.4,7.5,0.02889264188706875,0.0017857336206361651,0.8467656373977661,0.21756991744041443,0.08205701410770416,1
bottle,Text_Encoder_LoRA,0.4,7.5,0.03051893040537834,0.0021386216394603252,0.8414782285690308,0.21638429164886475,0.0968218594789505,1
bottle,Text_Encoder_LoRA,0.4,7.5,0.033526912331581116,0.0024456200189888477,0.8136489391326904,0.22322799265384674,0.07505442202091217,1
bottle,Text_Encoder_LoRA,0.4,7.5,0.03131566196680069,0.0021743355318903923,0.855379581451416,0.2237100452184677,0.06734812259674072,1
bottle,Text_Encoder_LoRA,0.4,7.5,0.03257669880986214,0.0025068519171327353,0.8243650197982788,0.2376481145620346,0.12392593175172806,1
bottle,Text_Encoder_LoRA,0.4,7.5,0.0301124956458807,0.002048057271167636,0.8602597117424011,0.22348254919052124,0.08474531024694443,1
bottle,Text_Encoder_LoRA,0.4,7.5,0.030502593144774437,0.002345194574445486,0.8708323240280151,0.2257063090801239,0.12713783979415894,1
bottle,Text_Encoder_LoRA,0.4,7.5,0.03212559595704079,0.0023091535549610853,0.8381487727165222,0.2257547527551651,0.05490001291036606,1
bottle,Text_Encoder_LoRA,0.4,7.5,0.0323554128408432,0.00246168440207839,0.8510545492172241,0.2311628758907318,0.1203753799200058,1
bottle,Text_Encoder_LoRA,0.4,7.5,0.03421324864029884,0.003059657756239176,0.8329092860221863,0.23838743567466736,0.12052980810403824,1
bottle,Text_Encoder_LoRA,0.4,7.5,0.029889505356550217,0.002449081279337406,0.8860753774642944,0.21612927317619324,0.13249436020851135,1
bottle,Text_Encoder_LoRA,0.4,7.5,0.031001050025224686,0.0022713763173669577,0.8650965690612793,0.2347971498966217,0.08838466554880142,1
bottle,Text_Encoder_LoRA,0.4,7.5,0.03198710456490517,0.0023585802409797907,0.8429254293441772,0.2308623343706131,0.08309566229581833,1
bottle,Text_Encoder_LoRA,0.4,7.5,0.032574981451034546,0.002758549526333809,0.8650392293930054,0.2448306530714035,0.0814548134803772,0
bottle,Text_Encoder_LoRA,0.4,7.5,0.030295005068182945,0.002145995618775487,0.8710169792175293,0.22804135084152222,0.1054280698299408,0
bottle,Text_Encoder_LoRA,0.4,7.5,0.0322379432618618,0.0025586672127246857,0.8670464754104614,0.22888466715812683,0.08386942744255066,0
bottle,Text_Encoder_LoRA,0.4,7.5,0.030616343021392822,0.002215377055108547,0.8718316555023193,0.21946477890014648,0.09725077450275421,0
bottle,Text_Encoder_LoRA,0.4,7.5,0.029847484081983566,0.002093221992254257,0.8712719678878784,0.2176692634820938,0.05431654676795006,0
bottle,Text_Encoder_LoRA,0.4,7.5,0.03115423396229744,0.0024561923928558826,0.8744053244590759,0.21849825978279114,0.10889174789190292,0
bottle,Text_Encoder_LoRA,0.4,7.5,0.03171171247959137,0.0023684583138674498,0.8532430529594421,0.2258906066417694,0.07529501616954803,0
bottle,Text_Encoder_LoRA,0.4,7.5,0.03226412460207939,0.0023521347902715206,0.8627097010612488,0.23953938484191895,0.042861759662628174,0
bottle,Text_Encoder_LoRA,0.4,7.5,0.03053799830377102,0.0022965343669056892,0.8897703886032104,0.20926761627197266,0.09478916227817535,0
bottle,Text_Encoder_LoRA,0.4,7.5,0.029361745342612267,0.002114191185683012,0.8821066617965698,0.22980447113513947,0.06030358746647835,0
bottle,Text_Encoder_LoRA,0.4,7.5,0.03027074597775936,0.0023401090875267982,0.8732492327690125,0.22508089244365692,0.09406725317239761,0
bottle,Text_Encoder_LoRA,0.4,7.5,0.030756866559386253,0.0022504483349621296,0.8695250749588013,0.2245277464389801,0.08538111299276352,0
bottle,Text_Encoder_LoRA,0.4,7.5,0.030100634321570396,0.0021918993443250656,0.8783861994743347,0.20235563814640045,0.07960344851016998,0
bottle,Text_Encoder_LoRA,0.4,7.5,0.03188687562942505,0.0024529704824090004,0.8726064562797546,0.22122858464717865,0.1042906865477562,0
bottle,Text_Encoder_LoRA,0.4,7.5,0.032013263553380966,0.0025258432142436504,0.8812491297721863,0.21428781747817993,0.06513760983943939,0
bottle,Text_Encoder_LoRA,0.4,7.5,0.03206038475036621,0.0023782707285135984,0.8649082183837891,0.21776311099529266,0.07790724188089371,0
bottle,Text_Encoder_LoRA,0.4,7.5,0.030429959297180176,0.002276466693729162,0.8806537985801697,0.21516448259353638,0.1209663450717926,0
bottle,Text_Encoder_LoRA,0.4,7.5,0.03155941516160965,0.002383727114647627,0.8679105043411255,0.2280975580215454,0.12171518057584763,0
bottle,Text_Encoder_LoRA,0.4,7.5,0.030302271246910095,0.0020659728907048702,0.8643047213554382,0.22946462035179138,0.06295576691627502,0
bottle,Text_Encoder_LoRA,0.4,7.5,0.03154875338077545,0.002433999441564083,0.8746055364608765,0.22565165162086487,0.10023470222949982,0
bottle,Text_Encoder_LoRA,0.45,5.5,0.032746247947216034,0.0025986148975789547,0.8425785899162292,0.2582646608352661,0.09752363711595535,1
bottle,Text_Encoder_LoRA,0.45,5.5,0.03143876791000366,0.0026161475107073784,0.8539681434631348,0.23523810505867004,0.1460864245891571,1
bottle,Text_Encoder_LoRA,0.45,5.5,0.03218352422118187,0.0024802368134260178,0.824185311794281,0.2565292418003082,0.11061806976795197,1
bottle,Text_Encoder_LoRA,0.45,5.5,0.027962829917669296,0.0019679644610732794,0.8598458170890808,0.2648531198501587,0.07459955662488937,1
bottle,Text_Encoder_LoRA,0.45,5.5,0.03201998025178909,0.002798165660351515,0.851862907409668,0.23082676529884338,0.16043773293495178,1
bottle,Text_Encoder_LoRA,0.45,5.5,0.03287068009376526,0.002830253913998604,0.8573498129844666,0.23181629180908203,0.06902026385068893,1
bottle,Text_Encoder_LoRA,0.45,5.5,0.032036736607551575,0.002786091296002269,0.8424599170684814,0.24421684443950653,0.11856851726770401,1
bottle,Text_Encoder_LoRA,0.45,5.5,0.0294160395860672,0.002103670034557581,0.8556185960769653,0.2534621059894562,0.09919913113117218,1
bottle,Text_Encoder_LoRA,0.45,5.5,0.03158019483089447,0.00269137741997838,0.8552812337875366,0.2467089742422104,0.14921247959136963,1
bottle,Text_Encoder_LoRA,0.45,5.5,0.030205290764570236,0.002323812572285533,0.8600145578384399,0.21421261131763458,0.08804989606142044,1
bottle,Text_Encoder_LoRA,0.45,5.5,0.030136149376630783,0.002041168510913849,0.8524550795555115,0.23751012980937958,0.05176516994833946,1
bottle,Text_Encoder_LoRA,0.45,5.5,0.03076690062880516,0.0026022715028375387,0.8497540950775146,0.23009532690048218,0.2106507420539856,1
bottle,Text_Encoder_LoRA,0.45,5.5,0.03175325691699982,0.002856394276022911,0.853510856628418,0.2423485666513443,0.161629781126976,1
bottle,Text_Encoder_LoRA,0.45,5.5,0.03312063217163086,0.002832470927387476,0.8247218132019043,0.26844802498817444,0.10104405879974365,1
bottle,Text_Encoder_LoRA,0.45,5.5,0.03221416100859642,0.002595870988443494,0.853712797164917,0.22836506366729736,0.14107215404510498,1
bottle,Text_Encoder_LoRA,0.45,5.5,0.0330505296587944,0.0027634415309876204,0.8488945960998535,0.23353390395641327,0.10122160613536835,1
bottle,Text_Encoder_LoRA,0.45,5.5,0.03176010772585869,0.0027586882933974266,0.8574651479721069,0.2634201645851135,0.12832166254520416,1
bottle,Text_Encoder_LoRA,0.45,5.5,0.03140822425484657,0.0025360407307744026,0.8360767364501953,0.24542276561260223,0.14263369143009186,1
bottle,Text_Encoder_LoRA,0.45,5.5,0.03580234572291374,0.003240288933739066,0.8283568620681763,0.2707839608192444,0.0807066261768341,1
bottle,Text_Encoder_LoRA,0.45,5.5,0.03259345144033432,0.0025911135599017143,0.8535069227218628,0.24037815630435944,0.07371317595243454,1
bottle,Text_Encoder_LoRA,0.45,5.5,0.031113794073462486,0.0025271382182836533,0.8546153903007507,0.2146403193473816,0.09722946584224701,1
bottle,Text_Encoder_LoRA,0.45,5.5,0.031554028391838074,0.0026614819653332233,0.8703479766845703,0.20864012837409973,0.10048770159482956,1
bottle,Text_Encoder_LoRA,0.45,5.5,0.03462573513388634,0.0031658560037612915,0.8377221822738647,0.24723628163337708,0.19448252022266388,1
bottle,Text_Encoder_LoRA,0.45,5.5,0.03420703858137131,0.0033374791964888573,0.843066930770874,0.23572595417499542,0.257596492767334,1
bottle,Text_Encoder_LoRA,0.45,5.5,0.031108777970075607,0.002778556663542986,0.8795508742332458,0.21596544981002808,0.10697677731513977,1
bottle,Text_Encoder_LoRA,0.45,5.5,0.03174284100532532,0.0023720005992799997,0.8597638010978699,0.22794710099697113,0.07084359973669052,1
bottle,Text_Encoder_LoRA,0.45,5.5,0.03120851330459118,0.0025445884093642235,0.8651458621025085,0.2258318066596985,0.12933389842510223,1
bottle,Text_Encoder_LoRA,0.45,5.5,0.03088510036468506,0.002562205772846937,0.8734686374664307,0.20883195102214813,0.13866961002349854,1
bottle,Text_Encoder_LoRA,0.45,5.5,0.031766247004270554,0.002536386251449585,0.8407753705978394,0.2185334861278534,0.101705402135849,1
bottle,Text_Encoder_LoRA,0.45,5.5,0.028901543468236923,0.0022880116011947393,0.8837965726852417,0.20133329927921295,0.1479307860136032,1
bottle,Text_Encoder_LoRA,0.45,5.5,0.031496111303567886,0.0026116720400750637,0.874591052532196,0.22181442379951477,0.09738139063119888,1
bottle,Text_Encoder_LoRA,0.45,5.5,0.030205678194761276,0.00233289273455739,0.8764390349388123,0.22966662049293518,0.10776877403259277,1
bottle,Text_Encoder_LoRA,0.45,5.5,0.03445166349411011,0.0035001463256776333,0.8554326295852661,0.24512550234794617,0.1373864710330963,1
bottle,Text_Encoder_LoRA,0.45,5.5,0.03190051391720772,0.002523126546293497,0.8478298187255859,0.22989137470722198,0.10567934811115265,1
bottle,Text_Encoder_LoRA,0.45,5.5,0.032289769500494,0.002574325306341052,0.8496242761611938,0.2336752563714981,0.19278644025325775,1
bottle,Text_Encoder_LoRA,0.45,5.5,0.031424738466739655,0.0026306535582989454,0.8463759422302246,0.22435715794563293,0.08388463407754898,1
bottle,Text_Encoder_LoRA,0.45,5.5,0.031244080513715744,0.0022260628174990416,0.8515483736991882,0.23548561334609985,0.05050305649638176,1
bottle,Text_Encoder_LoRA,0.45,5.5,0.032901447266340256,0.0027745142579078674,0.8606101274490356,0.22500315308570862,0.1094580739736557,1
bottle,Text_Encoder_LoRA,0.45,5.5,0.03240654990077019,0.003215071279555559,0.8628349304199219,0.22050529718399048,0.32314416766166687,1
bottle,Text_Encoder_LoRA,0.45,5.5,0.03149675577878952,0.0024575386196374893,0.8549908995628357,0.23251348733901978,0.11407984793186188,1
bottle,Text_Encoder_LoRA,0.45,5.5,0.03312923014163971,0.0029907268472015858,0.8470994830131531,0.26200443506240845,0.220176100730896,1
bottle,Text_Encoder_LoRA,0.45,5.5,0.0326119028031826,0.0028020828031003475,0.8631683588027954,0.21450787782669067,0.1269449144601822,1
bottle,Text_Encoder_LoRA,0.45,5.5,0.03165338560938835,0.0022552337031811476,0.8400247097015381,0.21665343642234802,0.0970521867275238,1
bottle,Text_Encoder_LoRA,0.45,5.5,0.02983357012271881,0.002002424094825983,0.8414417505264282,0.22375567257404327,0.05525458604097366,1
bottle,Text_Encoder_LoRA,0.45,5.5,0.0318705253303051,0.002392327878624201,0.8439648151397705,0.2216954380273819,0.09241591393947601,1
bottle,Text_Encoder_LoRA,0.45,5.5,0.03217843174934387,0.002869176212698221,0.8486530184745789,0.22968284785747528,0.0925879180431366,1
bottle,Text_Encoder_LoRA,0.45,5.5,0.030790630728006363,0.002184296492487192,0.8690435290336609,0.23431172966957092,0.0585951954126358,1
bottle,Text_Encoder_LoRA,0.45,5.5,0.0365338996052742,0.0030831354670226574,0.8156810998916626,0.22772619128227234,0.08521626144647598,1
bottle,Text_Encoder_LoRA,0.45,5.5,0.03692178428173065,0.003141904715448618,0.8057717084884644,0.22796131670475006,0.06861727684736252,1
bottle,Text_Encoder_LoRA,0.45,5.5,0.03637455031275749,0.003304051933810115,0.8207220435142517,0.2572418749332428,0.11633917689323425,1
bottle,Text_Encoder_LoRA,0.45,5.5,0.028697898611426353,0.001835510483942926,0.8461031913757324,0.21017758548259735,0.08578784763813019,1
bottle,Text_Encoder_LoRA,0.45,5.5,0.031051676720380783,0.0022563617676496506,0.833573579788208,0.21570482850074768,0.10641071200370789,1
bottle,Text_Encoder_LoRA,0.45,5.5,0.03451552987098694,0.0025995606556534767,0.8039025068283081,0.22597157955169678,0.08385826647281647,1
bottle,Text_Encoder_LoRA,0.45,5.5,0.031919240951538086,0.0022934721782803535,0.8466839790344238,0.2228395938873291,0.07625007629394531,1
bottle,Text_Encoder_LoRA,0.45,5.5,0.03355522081255913,0.002742477459833026,0.8115732073783875,0.23968809843063354,0.14156349003314972,1
bottle,Text_Encoder_LoRA,0.45,5.5,0.030506238341331482,0.002157544484362006,0.8539671897888184,0.22052112221717834,0.09194760024547577,1
bottle,Text_Encoder_LoRA,0.45,5.5,0.031166713684797287,0.0024518887512385845,0.8643487691879272,0.22845938801765442,0.12718872725963593,1
bottle,Text_Encoder_LoRA,0.45,5.5,0.03262161836028099,0.0024016709066927433,0.8319548964500427,0.22591038048267365,0.0562269426882267,1
bottle,Text_Encoder_LoRA,0.45,5.5,0.03348938748240471,0.0026430711150169373,0.8389365077018738,0.2358683943748474,0.11663856357336044,1
bottle,Text_Encoder_LoRA,0.45,5.5,0.03481233865022659,0.0032548638992011547,0.826486349105835,0.23930136859416962,0.13543285429477692,1
bottle,Text_Encoder_LoRA,0.45,5.5,0.030269037932157516,0.0025925012305378914,0.8831133842468262,0.21428371965885162,0.1496914178133011,1
bottle,Text_Encoder_LoRA,0.45,5.5,0.031662467867136,0.002446480095386505,0.859022855758667,0.2346532940864563,0.10296950489282608,1
bottle,Text_Encoder_LoRA,0.45,5.5,0.03245212137699127,0.002470035571604967,0.8288936018943787,0.22731488943099976,0.09072937816381454,1
bottle,Text_Encoder_LoRA,0.45,5.5,0.03250240907073021,0.002840014174580574,0.8644065856933594,0.22913743555545807,0.09543674439191818,0
bottle,Text_Encoder_LoRA,0.45,5.5,0.030088169500231743,0.002186848782002926,0.8731898069381714,0.21881267428398132,0.11662092804908752,0
bottle,Text_Encoder_LoRA,0.45,5.5,0.03213534504175186,0.0026378713082522154,0.8657683730125427,0.21833759546279907,0.09243952482938766,0
bottle,Text_Encoder_LoRA,0.45,5.5,0.03095739148557186,0.0023151515051722527,0.8680260181427002,0.21761110424995422,0.10564328730106354,0
bottle,Text_Encoder_LoRA,0.45,5.5,0.029814764857292175,0.0021389180328696966,0.8705384731292725,0.21331612765789032,0.057648636400699615,0
bottle,Text_Encoder_LoRA,0.45,5.5,0.031131451949477196,0.002532905898988247,0.8708788752555847,0.20723506808280945,0.11002396047115326,0
bottle,Text_Encoder_LoRA,0.45,5.5,0.03206716477870941,0.0025130626745522022,0.8495023250579834,0.22306200861930847,0.07552262395620346,0
bottle,Text_Encoder_LoRA,0.45,5.5,0.03306194394826889,0.0025295084342360497,0.8569180369377136,0.23727774620056152,0.04535093903541565,0
bottle,Text_Encoder_LoRA,0.45,5.5,0.031140312552452087,0.002414135728031397,0.8848244547843933,0.2102549821138382,0.10190435498952866,0
bottle,Text_Encoder_LoRA,0.45,5.5,0.02968480810523033,0.0022219386883080006,0.8773665428161621,0.22464214265346527,0.06516066938638687,0
bottle,Text_Encoder_LoRA,0.45,5.5,0.030665120109915733,0.002451160689815879,0.8691911697387695,0.2182559072971344,0.09812527149915695,0
bottle,Text_Encoder_LoRA,0.45,5.5,0.030997518450021744,0.002367557492107153,0.8666015863418579,0.21609124541282654,0.09308657050132751,0
bottle,Text_Encoder_LoRA,0.45,5.5,0.030799029394984245,0.002346185501664877,0.873336911201477,0.19942693412303925,0.08465462177991867,0
bottle,Text_Encoder_LoRA,0.45,5.5,0.032744619995355606,0.002599750179797411,0.865960955619812,0.22682397067546844,0.11989271640777588,0
bottle,Text_Encoder_LoRA,0.45,5.5,0.03256861865520477,0.002626223023980856,0.8778742551803589,0.2162599414587021,0.06845372170209885,0
bottle,Text_Encoder_LoRA,0.45,5.5,0.033039405941963196,0.0025566043332219124,0.8567936420440674,0.22048324346542358,0.08052121102809906,0
bottle,Text_Encoder_LoRA,0.45,5.5,0.030965887010097504,0.00239523290656507,0.8759486079216003,0.21310074627399445,0.11085867136716843,0
bottle,Text_Encoder_LoRA,0.45,5.5,0.032218270003795624,0.0024948776699602604,0.8578874468803406,0.23151779174804688,0.11260803043842316,0
bottle,Text_Encoder_LoRA,0.45,5.5,0.030829891562461853,0.00219517620280385,0.8602997660636902,0.2299942672252655,0.06658963859081268,0
bottle,Text_Encoder_LoRA,0.45,5.5,0.03230523690581322,0.002604464069008827,0.8675750494003296,0.22990620136260986,0.11113879084587097,0
bottle,Text_Encoder_LoRA,0.45,6.5,0.033122897148132324,0.002649894682690501,0.8411952257156372,0.25985634326934814,0.09790022671222687,1
bottle,Text_Encoder_LoRA,0.45,6.5,0.031638216227293015,0.0026457207277417183,0.8527401685714722,0.23467296361923218,0.14460144937038422,1
bottle,Text_Encoder_LoRA,0.45,6.5,0.03250015527009964,0.0025217868387699127,0.8234472274780273,0.25940126180648804,0.11182524263858795,1
bottle,Text_Encoder_LoRA,0.45,6.5,0.028082190081477165,0.0020072143524885178,0.8598865270614624,0.26452043652534485,0.08143819123506546,1
bottle,Text_Encoder_LoRA,0.45,6.5,0.03232385590672493,0.0028468933887779713,0.8504164218902588,0.23378075659275055,0.16456644237041473,1
bottle,Text_Encoder_LoRA,0.45,6.5,0.033486299216747284,0.00293482537381351,0.8546370267868042,0.23336386680603027,0.07242646813392639,1
bottle,Text_Encoder_LoRA,0.45,6.5,0.0322062224149704,0.0028293970972299576,0.8409215807914734,0.24458524584770203,0.12119381129741669,1
bottle,Text_Encoder_LoRA,0.45,6.5,0.029639437794685364,0.0021435783710330725,0.8559083938598633,0.2557309865951538,0.09940870106220245,1
bottle,Text_Encoder_LoRA,0.45,6.5,0.03188037499785423,0.0027589257806539536,0.8527694940567017,0.2503676414489746,0.1512547880411148,1
bottle,Text_Encoder_LoRA,0.45,6.5,0.03064926713705063,0.0023877620697021484,0.8577002286911011,0.21862351894378662,0.0861966460943222,1
bottle,Text_Encoder_LoRA,0.45,6.5,0.030190423130989075,0.002061097417026758,0.8511437773704529,0.23688852787017822,0.05125486105680466,1
bottle,Text_Encoder_LoRA,0.45,6.5,0.031222939491271973,0.0026642526499927044,0.8471348285675049,0.2341950237751007,0.2128223180770874,1
bottle,Text_Encoder_LoRA,0.45,6.5,0.03213499113917351,0.0029099304229021072,0.8518175482749939,0.24678324162960052,0.1607203334569931,1
bottle,Text_Encoder_LoRA,0.45,6.5,0.03355003520846367,0.0028874571435153484,0.8224703669548035,0.2793319821357727,0.10192780941724777,1
bottle,Text_Encoder_LoRA,0.45,6.5,0.03254353255033493,0.0026486609131097794,0.8510622978210449,0.23184260725975037,0.14058907330036163,1
bottle,Text_Encoder_LoRA,0.45,6.5,0.03344156593084335,0.002825814764946699,0.8473491668701172,0.23471033573150635,0.10190915316343307,1
bottle,Text_Encoder_LoRA,0.45,6.5,0.03227267414331436,0.002822794718667865,0.8555168509483337,0.269666850566864,0.1264539510011673,1
bottle,Text_Encoder_LoRA,0.45,6.5,0.03164055570960045,0.002566350158303976,0.8340635299682617,0.24602773785591125,0.14618925750255585,1
bottle,Text_Encoder_LoRA,0.45,6.5,0.036287158727645874,0.003337511792778969,0.8264093399047852,0.27361199259757996,0.08297554403543472,1
bottle,Text_Encoder_LoRA,0.45,6.5,0.032952792942523956,0.0026395455934107304,0.8518824577331543,0.2435712069272995,0.07084263116121292,1
bottle,Text_Encoder_LoRA,0.45,6.5,0.03155100345611572,0.0025912602432072163,0.8510701060295105,0.21776410937309265,0.09860074520111084,1
bottle,Text_Encoder_LoRA,0.45,6.5,0.031900547444820404,0.002705987077206373,0.8688070774078369,0.21096351742744446,0.0998469814658165,1
bottle,Text_Encoder_LoRA,0.45,6.5,0.035154979676008224,0.0032376335002481937,0.8356001377105713,0.2505187690258026,0.19204211235046387,1
bottle,Text_Encoder_LoRA,0.45,6.5,0.03470466658473015,0.00339678255841136,0.8383345603942871,0.2378150373697281,0.26075392961502075,1
bottle,Text_Encoder_LoRA,0.45,6.5,0.03151373937726021,0.0028322930447757244,0.8767889738082886,0.22125108540058136,0.1070786789059639,1
bottle,Text_Encoder_LoRA,0.45,6.5,0.032151173800230026,0.0024393408093601465,0.8572136163711548,0.23045355081558228,0.0709148421883583,1
bottle,Text_Encoder_LoRA,0.45,6.5,0.031642526388168335,0.002617008052766323,0.862399697303772,0.2281828224658966,0.1285206377506256,1
bottle,Text_Encoder_LoRA,0.45,6.5,0.031427353620529175,0.0026440441142767668,0.8705854415893555,0.2113836705684662,0.14075519144535065,1
bottle,Text_Encoder_LoRA,0.45,6.5,0.032040949910879135,0.0025864446070045233,0.8390998840332031,0.2186591476202011,0.10181304812431335,1
bottle,Text_Encoder_LoRA,0.45,6.5,0.0290534608066082,0.0023021050728857517,0.8830305337905884,0.203311949968338,0.15147261321544647,1
bottle,Text_Encoder_LoRA,0.45,6.5,0.03190890699625015,0.0026723151095211506,0.8719652891159058,0.22359243035316467,0.0982506200671196,1
bottle,Text_Encoder_LoRA,0.45,6.5,0.030726026743650436,0.002406204817816615,0.8741501569747925,0.23245276510715485,0.11040236055850983,1
bottle,Text_Encoder_LoRA,0.45,6.5,0.03501415252685547,0.0036183418706059456,0.8524817228317261,0.2510990500450134,0.1367344707250595,1
bottle,Text_Encoder_LoRA,0.45,6.5,0.03254009410738945,0.002606388181447983,0.8434371948242188,0.2369403839111328,0.105667345225811,1
bottle,Text_Encoder_LoRA,0.45,6.5,0.03274663910269737,0.0026426769327372313,0.8484949469566345,0.23572099208831787,0.19304010272026062,1
bottle,Text_Encoder_LoRA,0.45,6.5,0.031615570187568665,0.0026429041754454374,0.8451496958732605,0.2260420322418213,0.0842820331454277,1
bottle,Text_Encoder_LoRA,0.45,6.5,0.03162628412246704,0.002284299349412322,0.8489348292350769,0.23799484968185425,0.05209827050566673,1
bottle,Text_Encoder_LoRA,0.45,6.5,0.033451031893491745,0.0028583137318491936,0.8579260110855103,0.22769038379192352,0.10975348949432373,1
bottle,Text_Encoder_LoRA,0.45,6.5,0.03281361609697342,0.0032721138559281826,0.8600105047225952,0.2235628217458725,0.3276500105857849,1
bottle,Text_Encoder_LoRA,0.45,6.5,0.03207533061504364,0.00252888398244977,0.8522762656211853,0.23797746002674103,0.11578452587127686,1
bottle,Text_Encoder_LoRA,0.45,6.5,0.033538930118083954,0.003056186717003584,0.8446612358093262,0.26510488986968994,0.22122512757778168,1
bottle,Text_Encoder_LoRA,0.45,6.5,0.033077724277973175,0.0028833455871790648,0.8610788583755493,0.21605002880096436,0.12744371592998505,1
bottle,Text_Encoder_LoRA,0.45,6.5,0.032056741416454315,0.0023162788711488247,0.8378803730010986,0.21823063492774963,0.09477189183235168,1
bottle,Text_Encoder_LoRA,0.45,6.5,0.03036816231906414,0.0020643589086830616,0.8371321558952332,0.22747062146663666,0.05499773100018501,1
bottle,Text_Encoder_LoRA,0.45,6.5,0.03233917057514191,0.0024670769926160574,0.8410601615905762,0.22475361824035645,0.0947633758187294,1
bottle,Text_Encoder_LoRA,0.45,6.5,0.03257857263088226,0.0028972539585083723,0.8462638854980469,0.23349390923976898,0.08763378113508224,1
bottle,Text_Encoder_LoRA,0.45,6.5,0.030930936336517334,0.0021928250789642334,0.8683542013168335,0.2361261546611786,0.06066451966762543,1
bottle,Text_Encoder_LoRA,0.45,6.5,0.036964282393455505,0.0031518517062067986,0.8123764991760254,0.23019857704639435,0.08494333177804947,1
bottle,Text_Encoder_LoRA,0.45,6.5,0.036665257066488266,0.003122643567621708,0.8080925941467285,0.22732549905776978,0.0682915523648262,1
bottle,Text_Encoder_LoRA,0.45,6.5,0.036817505955696106,0.003383615519851446,0.8196227550506592,0.26036617159843445,0.11657089740037918,1
bottle,Text_Encoder_LoRA,0.45,6.5,0.029444992542266846,0.001906602643430233,0.8409174680709839,0.21630074083805084,0.08561477065086365,1
bottle,Text_Encoder_LoRA,0.45,6.5,0.031575094908475876,0.0023275157436728477,0.8285642862319946,0.21862348914146423,0.10897549986839294,1
bottle,Text_Encoder_LoRA,0.45,6.5,0.03484402969479561,0.002656725002452731,0.8012668490409851,0.22784976661205292,0.08298805356025696,1
bottle,Text_Encoder_LoRA,0.45,6.5,0.032160986214876175,0.0023325912188738585,0.8464729189872742,0.22667913138866425,0.07600875198841095,1
bottle,Text_Encoder_LoRA,0.45,6.5,0.033829379826784134,0.0027912433724850416,0.8094045519828796,0.24031218886375427,0.14291298389434814,1
bottle,Text_Encoder_LoRA,0.45,6.5,0.030920734629034996,0.002209257334470749,0.8512264490127563,0.2242831587791443,0.09295761585235596,1
bottle,Text_Encoder_LoRA,0.45,6.5,0.03161408007144928,0.0025211619213223457,0.8617902994155884,0.23138685524463654,0.12703865766525269,1
bottle,Text_Encoder_LoRA,0.45,6.5,0.03323240950703621,0.0024908108171075583,0.8269151449203491,0.22821392118930817,0.06145261228084564,1
bottle,Text_Encoder_LoRA,0.45,6.5,0.03378887102007866,0.0026928631123155355,0.8378816843032837,0.23663660883903503,0.12018167227506638,1
bottle,Text_Encoder_LoRA,0.45,6.5,0.0353894904255867,0.0033837072551250458,0.8237382769584656,0.2425425946712494,0.13744720816612244,1
bottle,Text_Encoder_LoRA,0.45,6.5,0.03078453801572323,0.002656200435012579,0.8795907497406006,0.21969522535800934,0.15018941462039948,1
bottle,Text_Encoder_LoRA,0.45,6.5,0.03221677988767624,0.002511049620807171,0.8572416305541992,0.23834916949272156,0.10190431028604507,1
bottle,Text_Encoder_LoRA,0.45,6.5,0.03311040997505188,0.0025817991700023413,0.8209265470504761,0.23646605014801025,0.09138436615467072,1
bottle,Text_Encoder_LoRA,0.45,6.5,0.03298353776335716,0.002922592218965292,0.8613958358764648,0.23355042934417725,0.10098986327648163,0
bottle,Text_Encoder_LoRA,0.45,6.5,0.030632227659225464,0.00226215785369277,0.8691867589950562,0.22395315766334534,0.11748868972063065,0
bottle,Text_Encoder_LoRA,0.45,6.5,0.032652609050273895,0.0027172788977622986,0.8627492189407349,0.2219475507736206,0.09356478601694107,0
bottle,Text_Encoder_LoRA,0.45,6.5,0.03148174285888672,0.0023864179383963346,0.8647248148918152,0.22112585604190826,0.10696589946746826,0
bottle,Text_Encoder_LoRA,0.45,6.5,0.0303261186927557,0.0022001839242875576,0.8669294118881226,0.2176521271467209,0.0598289892077446,0
bottle,Text_Encoder_LoRA,0.45,6.5,0.031886398792266846,0.0026506248395889997,0.8669998049736023,0.2119186818599701,0.11502262949943542,0
bottle,Text_Encoder_LoRA,0.45,6.5,0.032529935240745544,0.0025704065337777138,0.8462259769439697,0.22628578543663025,0.07617087662220001,0
bottle,Text_Encoder_LoRA,0.45,6.5,0.033546119928359985,0.002589951502159238,0.8544570207595825,0.24187971651554108,0.050077054649591446,0
bottle,Text_Encoder_LoRA,0.45,6.5,0.03155474737286568,0.0024796673096716404,0.8828885555267334,0.214518204331398,0.1006757840514183,0
bottle,Text_Encoder_LoRA,0.45,6.5,0.03004545532166958,0.002275634091347456,0.8757356405258179,0.22897443175315857,0.06751704961061478,0
bottle,Text_Encoder_LoRA,0.45,6.5,0.03106597065925598,0.0024870845954865217,0.8677932024002075,0.2241041660308838,0.09831375628709793,0
bottle,Text_Encoder_LoRA,0.45,6.5,0.03125810995697975,0.002397476229816675,0.8665175437927246,0.21914751827716827,0.09328459203243256,0
bottle,Text_Encoder_LoRA,0.45,6.5,0.03131629526615143,0.00241387402638793,0.8702224493026733,0.20416876673698425,0.08463172614574432,0
bottle,Text_Encoder_LoRA,0.45,6.5,0.03319518268108368,0.0026788879185914993,0.865079402923584,0.22746294736862183,0.11921832710504532,0
bottle,Text_Encoder_LoRA,0.45,6.5,0.03317860886454582,0.0027157291769981384,0.8732759356498718,0.21787211298942566,0.07002939283847809,0
bottle,Text_Encoder_LoRA,0.45,6.5,0.033582814037799835,0.0026416347827762365,0.8539344668388367,0.2225153148174286,0.08048342913389206,0
bottle,Text_Encoder_LoRA,0.45,6.5,0.031554996967315674,0.0024864121805876493,0.8729748725891113,0.21658764779567719,0.11471139639616013,0
bottle,Text_Encoder_LoRA,0.45,6.5,0.03271200880408287,0.00256801163777709,0.8586835265159607,0.23268963396549225,0.11044782400131226,0
bottle,Text_Encoder_LoRA,0.45,6.5,0.0312836691737175,0.002251609694212675,0.8582414388656616,0.23214706778526306,0.0679643452167511,0
bottle,Text_Encoder_LoRA,0.45,6.5,0.03279507905244827,0.0026664393953979015,0.8649439215660095,0.23277480900287628,0.11085349321365356,0
bottle,Text_Encoder_LoRA,0.45,7.5,0.03345123678445816,0.002698909491300583,0.8400082588195801,0.2603543996810913,0.09858805686235428,1
bottle,Text_Encoder_LoRA,0.45,7.5,0.031818028539419174,0.002676605712622404,0.8513078689575195,0.23503327369689941,0.14326871931552887,1
bottle,Text_Encoder_LoRA,0.45,7.5,0.032850004732608795,0.0025742780417203903,0.8220533132553101,0.2610940933227539,0.11334738880395889,1
bottle,Text_Encoder_LoRA,0.45,7.5,0.02828334830701351,0.002050809096544981,0.8598387241363525,0.2633581757545471,0.08734198659658432,1
bottle,Text_Encoder_LoRA,0.45,7.5,0.032563306391239166,0.002894120989367366,0.848712146282196,0.23656363785266876,0.1691029965877533,1
bottle,Text_Encoder_LoRA,0.45,7.5,0.03410248085856438,0.0030452790670096874,0.8517838716506958,0.2360643744468689,0.07471740990877151,1
bottle,Text_Encoder_LoRA,0.45,7.5,0.032392654567956924,0.002876645652577281,0.8390078544616699,0.24524405598640442,0.12406246364116669,1
bottle,Text_Encoder_LoRA,0.45,7.5,0.029918670654296875,0.0021871072240173817,0.8565605878829956,0.25716978311538696,0.10008757561445236,1
bottle,Text_Encoder_LoRA,0.45,7.5,0.032295990735292435,0.0028244443237781525,0.8497488498687744,0.25478988885879517,0.15299931168556213,1
bottle,Text_Encoder_LoRA,0.45,7.5,0.031160783022642136,0.002447783015668392,0.8551968336105347,0.22465820610523224,0.08477017283439636,1
bottle,Text_Encoder_LoRA,0.45,7.5,0.030322451144456863,0.0020797261968255043,0.8500630855560303,0.236488938331604,0.05534325912594795,1
bottle,Text_Encoder_LoRA,0.45,7.5,0.03159915655851364,0.002716418355703354,0.8454470038414001,0.23614193499088287,0.2144351601600647,1
bottle,Text_Encoder_LoRA,0.45,7.5,0.03257010877132416,0.002968861721456051,0.8502821326255798,0.2504379451274872,0.16049624979496002,1
bottle,Text_Encoder_LoRA,0.45,7.5,0.03393787145614624,0.002939053578302264,0.8204383850097656,0.2847343385219574,0.10339599847793579,1
bottle,Text_Encoder_LoRA,0.45,7.5,0.032837942242622375,0.002688950626179576,0.8488723039627075,0.23465946316719055,0.13916172087192535,1
bottle,Text_Encoder_LoRA,0.45,7.5,0.033917929977178574,0.0028891917318105698,0.8455295562744141,0.23937010765075684,0.10318046063184738,1
bottle,Text_Encoder_LoRA,0.45,7.5,0.032719846814870834,0.0028991594444960356,0.8537299036979675,0.27242037653923035,0.12489268183708191,1
bottle,Text_Encoder_LoRA,0.45,7.5,0.031949546188116074,0.0026014347095042467,0.832190990447998,0.2463943064212799,0.1498691886663437,1
bottle,Text_Encoder_LoRA,0.45,7.5,0.03668472170829773,0.0034312736243009567,0.8246135115623474,0.2771540880203247,0.08458519726991653,1
bottle,Text_Encoder_LoRA,0.45,7.5,0.03333796188235283,0.0026951576583087444,0.8498210310935974,0.2469460666179657,0.0685679167509079,1
bottle,Text_Encoder_LoRA,0.45,7.5,0.03202889859676361,0.0026608980260789394,0.8475386500358582,0.22273457050323486,0.10494611412286758,1
bottle,Text_Encoder_LoRA,0.45,7.5,0.03226475045084953,0.0027477096300572157,0.8670433759689331,0.2161281853914261,0.09881225973367691,1
bottle,Text_Encoder_LoRA,0.45,7.5,0.035571884363889694,0.003311819862574339,0.8346757888793945,0.2514190077781677,0.18939262628555298,1
bottle,Text_Encoder_LoRA,0.45,7.5,0.03509692847728729,0.003461092244833708,0.8338073492050171,0.24046175181865692,0.26525256037712097,1
bottle,Text_Encoder_LoRA,0.45,7.5,0.03196214139461517,0.0028904168866574764,0.8746509552001953,0.22473743557929993,0.10778425633907318,1
bottle,Text_Encoder_LoRA,0.45,7.5,0.03267281502485275,0.002513651503250003,0.8543984293937683,0.23236018419265747,0.07115516811609268,1
bottle,Text_Encoder_LoRA,0.45,7.5,0.032098203897476196,0.002691797446459532,0.8599974513053894,0.2301051914691925,0.1273919641971588,1
bottle,Text_Encoder_LoRA,0.45,7.5,0.03197205811738968,0.002718146424740553,0.8677691221237183,0.21522116661071777,0.1414833962917328,1
bottle,Text_Encoder_LoRA,0.45,7.5,0.03236779198050499,0.0026419672649353743,0.8372989892959595,0.21881245076656342,0.10211759805679321,1
bottle,Text_Encoder_LoRA,0.45,7.5,0.02921830117702484,0.0023125025909394026,0.8824102282524109,0.206129252910614,0.15520019829273224,1
bottle,Text_Encoder_LoRA,0.45,7.5,0.03238977491855621,0.0027434490621089935,0.8685687780380249,0.22647657990455627,0.0992637425661087,1
bottle,Text_Encoder_LoRA,0.45,7.5,0.031191712245345116,0.0024809285532683134,0.8716690540313721,0.23512856662273407,0.11392001062631607,1
bottle,Text_Encoder_LoRA,0.45,7.5,0.03556458279490471,0.0037386908661574125,0.8496013879776001,0.2563849687576294,0.13571572303771973,1
bottle,Text_Encoder_LoRA,0.45,7.5,0.03308026120066643,0.0026817074976861477,0.8396395444869995,0.2403561770915985,0.10557735711336136,1
bottle,Text_Encoder_LoRA,0.45,7.5,0.03335484117269516,0.00271807424724102,0.8438123464584351,0.23955847322940826,0.1945101022720337,1
bottle,Text_Encoder_LoRA,0.45,7.5,0.03190267086029053,0.0026624915190041065,0.8436295986175537,0.22870686650276184,0.08477529138326645,1
bottle,Text_Encoder_LoRA,0.45,7.5,0.03196007013320923,0.0023294957354664803,0.8469648361206055,0.24179913103580475,0.055444248020648956,1
bottle,Text_Encoder_LoRA,0.45,7.5,0.03404151648283005,0.0029475404880940914,0.855271577835083,0.23137426376342773,0.11009587347507477,1
bottle,Text_Encoder_LoRA,0.45,7.5,0.03323909640312195,0.0033275107853114605,0.8573495745658875,0.22963598370552063,0.33264848589897156,1
bottle,Text_Encoder_LoRA,0.45,7.5,0.03256525099277496,0.002603362314403057,0.8497869968414307,0.24129261076450348,0.11692790687084198,1
bottle,Text_Encoder_LoRA,0.45,7.5,0.033947061747312546,0.0031119207851588726,0.8425459861755371,0.2695557475090027,0.22259081900119781,1
bottle,Text_Encoder_LoRA,0.45,7.5,0.03353629261255264,0.002962254686281085,0.8589582443237305,0.2183968871831894,0.1279911994934082,1
bottle,Text_Encoder_LoRA,0.45,7.5,0.032484475523233414,0.002374241827055812,0.8357722163200378,0.21948331594467163,0.093601293861866,1
bottle,Text_Encoder_LoRA,0.45,7.5,0.030782394111156464,0.0021188834216445684,0.8335474729537964,0.2301793396472931,0.05748150497674942,1
bottle,Text_Encoder_LoRA,0.45,7.5,0.032709889113903046,0.002536384155973792,0.838383138179779,0.22618477046489716,0.09670968353748322,1
bottle,Text_Encoder_LoRA,0.45,7.5,0.03289787098765373,0.0029274204280227423,0.8436522483825684,0.23702339828014374,0.08582772314548492,1
bottle,Text_Encoder_LoRA,0.45,7.5,0.031099876388907433,0.002204892924055457,0.8675252795219421,0.2370414286851883,0.062358517199754715,1
bottle,Text_Encoder_LoRA,0.45,7.5,0.03742436692118645,0.0032221386209130287,0.809112548828125,0.23278576135635376,0.08570408076047897,1
bottle,Text_Encoder_LoRA,0.45,7.5,0.03697609528899193,0.003233429742977023,0.8073522448539734,0.22552934288978577,0.06770447641611099,1
bottle,Text_Encoder_LoRA,0.45,7.5,0.0371088907122612,0.0034461587201803923,0.8198237419128418,0.262775182723999,0.11666388064622879,1
bottle,Text_Encoder_LoRA,0.45,7.5,0.03022432141005993,0.0019971844740211964,0.8340945243835449,0.2223983108997345,0.08465864509344101,1
bottle,Text_Encoder_LoRA,0.45,7.5,0.03215252608060837,0.0024048686027526855,0.8229889869689941,0.22105322778224945,0.1112462505698204,1
bottle,Text_Encoder_LoRA,0.45,7.5,0.03516945242881775,0.00272047589533031,0.7986912131309509,0.22836825251579285,0.08194591104984283,1
bottle,Text_Encoder_LoRA,0.45,7.5,0.03244223818182945,0.002384322229772806,0.8466408252716064,0.22862690687179565,0.07617873698472977,1
bottle,Text_Encoder_LoRA,0.45,7.5,0.034142982214689255,0.002847225870937109,0.8057385683059692,0.2396930605173111,0.14395418763160706,1
bottle,Text_Encoder_LoRA,0.45,7.5,0.03140914812684059,0.0022603487595915794,0.8485729098320007,0.22976163029670715,0.09410013258457184,1
bottle,Text_Encoder_LoRA,0.45,7.5,0.032095685601234436,0.0025955787859857082,0.8590164184570312,0.23517224192619324,0.12680265307426453,1
bottle,Text_Encoder_LoRA,0.45,7.5,0.03383757174015045,0.0025855088606476784,0.8219251036643982,0.23051197826862335,0.06681662052869797,1
bottle,Text_Encoder_LoRA,0.45,7.5,0.034057315438985825,0.0027442798018455505,0.8370484709739685,0.23702971637248993,0.12410268932580948,1
bottle,Text_Encoder_LoRA,0.45,7.5,0.03594917058944702,0.003515836549922824,0.8213822841644287,0.24635747075080872,0.13711954653263092,1
bottle,Text_Encoder_LoRA,0.45,7.5,0.031259749084711075,0.0027222628705203533,0.8752602338790894,0.22578927874565125,0.14627830684185028,1
bottle,Text_Encoder_LoRA,0.45,7.5,0.03266778588294983,0.002570922253653407,0.856000542640686,0.23919454216957092,0.10049332678318024,1
bottle,Text_Encoder_LoRA,0.45,7.5,0.03385583683848381,0.0026841475628316402,0.8198692202568054,0.24150913953781128,0.09216869622468948,1
bottle,Text_Encoder_LoRA,0.45,7.5,0.033537715673446655,0.003006940707564354,0.8576996326446533,0.23883306980133057,0.10506075620651245,0
bottle,Text_Encoder_LoRA,0.45,7.5,0.031153758987784386,0.002337599638849497,0.865471363067627,0.22902490198612213,0.117970772087574,0
bottle,Text_Encoder_LoRA,0.45,7.5,0.033222369849681854,0.0027979183942079544,0.8605563044548035,0.22604554891586304,0.09452454745769501,0
bottle,Text_Encoder_LoRA,0.45,7.5,0.0319511704146862,0.0024579137098044157,0.8619990348815918,0.22407355904579163,0.10756141692399979,0
bottle,Text_Encoder_LoRA,0.45,7.5,0.030891284346580505,0.002271553035825491,0.8631707429885864,0.22193925082683563,0.061573922634124756,0
bottle,Text_Encoder_LoRA,0.45,7.5,0.03265751525759697,0.0027683598455041647,0.8634505271911621,0.21985453367233276,0.11961770802736282,0
bottle,Text_Encoder_LoRA,0.45,7.5,0.032985128462314606,0.002624209737405181,0.8426398634910583,0.23083864152431488,0.07648470997810364,0
bottle,Text_Encoder_LoRA,0.45,7.5,0.03412717580795288,0.0026653397362679243,0.8516275882720947,0.24741332232952118,0.05544653162360191,0
bottle,Text_Encoder_LoRA,0.45,7.5,0.032064907252788544,0.0025550629943609238,0.8807814121246338,0.21770299971103668,0.10012968629598618,0
bottle,Text_Encoder_LoRA,0.45,7.5,0.03048136830329895,0.002330406103283167,0.8741785883903503,0.23354236781597137,0.06963489949703217,0
bottle,Text_Encoder_LoRA,0.45,7.5,0.03132165968418121,0.002517469460144639,0.866844654083252,0.2260623574256897,0.09898607432842255,0
bottle,Text_Encoder_LoRA,0.45,7.5,0.03149689733982086,0.002423590049147606,0.8669215440750122,0.22223687171936035,0.0930590108036995,0
bottle,Text_Encoder_LoRA,0.45,7.5,0.03185831755399704,0.0024856857489794493,0.8674561381340027,0.20822127163410187,0.08358459174633026,0
bottle,Text_Encoder_LoRA,0.45,7.5,0.0336730033159256,0.002766247373074293,0.8638471961021423,0.2287016659975052,0.11805269867181778,0
bottle,Text_Encoder_LoRA,0.45,7.5,0.03371284157037735,0.002808739896863699,0.8704046010971069,0.2211078405380249,0.07260101288557053,0
bottle,Text_Encoder_LoRA,0.45,7.5,0.03410293906927109,0.0027318522334098816,0.851092517375946,0.22480927407741547,0.08154404163360596,0
bottle,Text_Encoder_LoRA,0.45,7.5,0.032048821449279785,0.0025789374485611916,0.8700007796287537,0.21894432604312897,0.11910225450992584,0
bottle,Text_Encoder_LoRA,0.45,7.5,0.033315014094114304,0.002654781099408865,0.8553568720817566,0.23624169826507568,0.10882328450679779,0
bottle,Text_Encoder_LoRA,0.45,7.5,0.031723037362098694,0.002320923376828432,0.8557507395744324,0.23449169099330902,0.06995169073343277,0
bottle,Text_Encoder_LoRA,0.45,7.5,0.033246442675590515,0.002727434504777193,0.8628518581390381,0.2346649318933487,0.11108914762735367,0
